benchmark,dimension,objective,acquisition,alpha,n_seeds,standard_mean,standard_sd,uniform_mean,uniform_sd,mean_gain,gain_ci_low,gain_ci_high
Rosenbrock,20,rosenbrock_mean_20d,GP-UCB,1/4,20,0.16810146,0.13226692,0.05649605,0.01043378,0.11160541,0.06596835,0.17873766
Rosenbrock,20,rosenbrock_mean_20d,LogEI,1/4,20,0.16164974,0.05059186,0.05690981,0.01056541,0.10473993,0.08318119,0.12680398
Rosenbrock,20,rosenbrock_mean_20d,GP-TS,1/4,20,0.07498972,0.01728927,0.06073902,0.01446557,0.01425071,0.00341724,0.02508592
Shifted Bent Cigar,30,bent_cigar_shifted_30d,GP-UCB,1/4,20,0.76919635,0.36978191,0.10438409,0.03533793,0.66481226,0.51635819,0.83240251
Shifted Bent Cigar,30,bent_cigar_shifted_30d,LogEI,1/4,20,0.51387273,0.19688719,0.10471811,0.03437982,0.40915462,0.32597629,0.49826185
Shifted Bent Cigar,30,bent_cigar_shifted_30d,GP-TS,1/3,20,0.12735277,0.024654,0.10236237,0.03314897,0.0249904,0.00720214,0.04173943
Sphere,30,sphere_mean_shifted_30d,GP-UCB,1/4,20,0.90182399,0.47913683,0.09938517,0.02011955,0.80243881,0.61337278,1.01352187
Sphere,30,sphere_mean_shifted_30d,LogEI,1/4,20,0.48545394,0.20728524,0.09799434,0.02000234,0.38745961,0.30006241,0.47737601
Sphere,30,sphere_mean_shifted_30d,GP-TS,1/4,20,0.12939344,0.03590893,0.09790748,0.02276456,0.03148596,0.01070545,0.05420663
Griewank,30,griewank_mean_shifted_30d,GP-UCB,1/4,20,5.8271513,1.92158879,0.44858481,0.08321159,5.3785665,4.57921423,6.19583288
Griewank,30,griewank_mean_shifted_30d,LogEI,1/4,20,2.00075967,0.80655012,0.44858481,0.08321159,1.55217486,1.21325594,1.90993359
Griewank,30,griewank_mean_shifted_30d,GP-TS,1/4,20,0.50062199,0.11641575,0.44942333,0.08804807,0.05119865,-0.00649736,0.10940126
Trid,10,trid_normalized_10d,GP-UCB,1/4,20,0.04340653,0.02067513,0.01343322,0.00485742,0.02997331,0.02123853,0.03948816
Trid,10,trid_normalized_10d,LogEI,1/4,20,0.04443377,0.02448984,0.01274291,0.00435345,0.03169086,0.0217031,0.04257795
Trid,10,trid_normalized_10d,GP-TS,1/4,20,0.018734,0.01195493,0.01280007,0.00427513,0.00593393,0.00057274,0.01172634
Sum of Different Powers,30,sum_powers_normalized_30d,GP-UCB,1/4,20,0.05369353,0.12224142,0.00300241,0.00351748,0.05069112,0.00922562,0.11022582
Sum of Different Powers,30,sum_powers_normalized_30d,LogEI,1/4,20,0.02447017,0.0191435,0.00322065,0.00377065,0.02124952,0.0129675,0.03008271
Sum of Different Powers,30,sum_powers_normalized_30d,GP-TS,3/4,20,0.00222324,0.00234812,0.00234615,0.00351,-0.00012291,-0.00198921,0.00163826
