task,dimension,acquisition,beta_mode,policy,n_seeds,mean,median,std
rbv2_xgboost_1464,14,logei,native,decay_greedy_packing_grid_a1_2,30,0.4097448617219925,0.4099177420139313,0.010751017132465707
rbv2_xgboost_1464,14,logei,native,decay_uniform_grid_a1_2,30,0.4084004680315653,0.41067901253700256,0.01720224636694681
rbv2_xgboost_1464,14,logei,native,standard,30,0.4104154537121455,0.4086562991142273,0.011906855655610872
rbv2_xgboost_1464,14,mes_gumbel,native,decay_greedy_packing_grid_a1_2,30,0.4140383223692576,0.41190205514431,0.0054974509918273426
rbv2_xgboost_1464,14,mes_gumbel,native,decay_uniform_grid_a1_2,30,0.41423545181751253,0.4109265208244324,0.006320642262843667
rbv2_xgboost_1464,14,mes_gumbel,native,standard,30,0.41651956737041473,0.4147736579179764,0.010226900509305668
rbv2_xgboost_1464,14,ts,logarithmic,decay_greedy_packing_grid_a1_2,30,0.42524401744206747,0.42519086599349976,0.0078116602996968045
rbv2_xgboost_1464,14,ts,logarithmic,decay_uniform_grid_a1_2,30,0.42899957597255706,0.42828208208084106,0.008940617483216668
rbv2_xgboost_1464,14,ts,logarithmic,standard,30,0.4206284115711848,0.420201376080513,0.004831224638482358
rbv2_xgboost_1464,14,ucb,constant,decay_greedy_packing_grid_a1_2,30,0.416416663924853,0.4195762127637863,0.0094871338543846
rbv2_xgboost_1464,14,ucb,constant,decay_uniform_grid_a1_2,30,0.4203418622414271,0.4216983318328857,0.007334398698501152
rbv2_xgboost_1464,14,ucb,constant,standard,30,0.42154868642489113,0.42184190452098846,0.01069803045600913
rbv2_xgboost_31,14,logei,native,decay_greedy_packing_grid_a1_2,30,0.48447892665863035,0.4869805872440338,0.011390230225219605
rbv2_xgboost_31,14,logei,native,decay_uniform_grid_a1_2,30,0.4787358929713567,0.4871327728033066,0.027865027154149943
rbv2_xgboost_31,14,logei,native,standard,30,0.4776928871870041,0.4860779792070389,0.03080612599777426
rbv2_xgboost_31,14,mes_gumbel,native,decay_greedy_packing_grid_a1_2,30,0.47625109553337097,0.4874204397201538,0.02986846399065058
rbv2_xgboost_31,14,mes_gumbel,native,decay_uniform_grid_a1_2,30,0.4750909149646759,0.4878071397542953,0.036086642268809775
rbv2_xgboost_31,14,mes_gumbel,native,standard,30,0.4800633033116658,0.48771853744983673,0.036513019087837044
rbv2_xgboost_31,14,ts,logarithmic,decay_greedy_packing_grid_a1_2,30,0.49603581726551055,0.4961424618959427,0.006901452752557264
rbv2_xgboost_31,14,ts,logarithmic,decay_uniform_grid_a1_2,30,0.4956497768561045,0.4992129504680633,0.010524258050067292
rbv2_xgboost_31,14,ts,logarithmic,standard,30,0.4941763291756312,0.49307641386985773,0.006747895892469098
rbv2_xgboost_31,14,ucb,constant,decay_greedy_packing_grid_a1_2,30,0.4896991372108459,0.4934569299221038,0.008111721858954776
rbv2_xgboost_31,14,ucb,constant,decay_uniform_grid_a1_2,30,0.4710977007945378,0.48939149081706995,0.041555069134286776
rbv2_xgboost_31,14,ucb,constant,standard,30,0.48027022778987877,0.4940229952335357,0.03742395529952184
rbv2_xgboost_40975,14,logei,native,decay_greedy_packing_grid_a1_2,30,0.015512383096696144,0.00715024652890855,0.021630091383662117
rbv2_xgboost_40975,14,logei,native,decay_uniform_grid_a1_2,30,0.014371590355100673,0.00867771496996275,0.019117910999754534
rbv2_xgboost_40975,14,logei,native,standard,30,0.06703291602510333,0.00558892544358965,0.14657147631515505
rbv2_xgboost_40975,14,mes_gumbel,native,decay_greedy_packing_grid_a1_2,30,0.017163967799084825,0.0080928276292979,0.022767485052529696
rbv2_xgboost_40975,14,mes_gumbel,native,decay_uniform_grid_a1_2,30,0.024426208979760566,0.0077834278345107494,0.04484230724159459
rbv2_xgboost_40975,14,mes_gumbel,native,standard,30,0.10443569273144625,0.006517075002193401,0.17498343475505196
rbv2_xgboost_40975,14,ts,logarithmic,decay_greedy_packing_grid_a1_2,30,0.15781195585926372,0.13877599686384195,0.06522484188038666
rbv2_xgboost_40975,14,ts,logarithmic,decay_uniform_grid_a1_2,30,0.14158762047688164,0.11853367835283275,0.06986564443744812
rbv2_xgboost_40975,14,ts,logarithmic,standard,30,0.12484346516430374,0.1271442398428917,0.03913801330027732
rbv2_xgboost_40975,14,ucb,constant,decay_greedy_packing_grid_a1_2,30,0.009703589529575108,0.00527132535353295,0.01652160691648485
rbv2_xgboost_40975,14,ucb,constant,decay_uniform_grid_a1_2,30,0.016948037606198296,0.00446860445663325,0.06592185161989113
rbv2_xgboost_40975,14,ucb,constant,standard,30,0.11423612299840893,0.0034726784797385,0.17901619939822702
