objective,dimension,acquisition,beta_mode,policy,seed,exploration_rule,decay_exponent,bo_steps,actual_pe_calls,expected_pe_calls,realized_pe_fraction,first_pe_round,last_pe_round,mode_transitions,final_inference_regret,final_best_queried_latent_regret,final_max_posterior_std,final_mean_posterior_std,final_q90_posterior_std,final_query_preselection_posterior_std
rastrigin_mean_rotated_shifted_10d,10,ucb,constant,decay_uniform_grid_a1,0,uniform,1.0,400,11,17.8984421298378,0.0275,2,366,22,5.446550707366223,5.446550707366223,1.0,0.9999999995616229,1.0,0.6535056470269839
rastrigin_mean_rotated_shifted_10d,10,ucb,constant,decay_uniform_grid_a1,1,uniform,1.0,400,21,17.8984421298378,0.0525,1,280,37,9.158460652799171,9.158460652799171,1.0,1.0,1.0,1.0
rastrigin_mean_rotated_shifted_10d,10,ucb,constant,decay_uniform_grid_a1,2,uniform,1.0,400,16,17.8984421298378,0.04,1,390,29,8.854417707887928,8.854417707887928,1.0,1.0,1.0,1.0
rastrigin_mean_rotated_shifted_10d,10,ucb,constant,decay_uniform_grid_a1,3,uniform,1.0,400,20,17.8984421298378,0.05,1,381,31,8.692710222112355,8.692710222112355,1.0,1.0,1.0,1.0
rastrigin_mean_rotated_shifted_10d,10,ucb,constant,decay_uniform_grid_a1,4,uniform,1.0,400,23,17.8984421298378,0.0575,1,337,41,3.734993192583043,3.734993192583043,1.0,0.9999999866075386,1.0,0.9999999999999606
rastrigin_mean_rotated_shifted_10d,10,ucb,constant,decay_uniform_grid_a1_2,0,uniform,0.5,400,138,164.03031799806755,0.345,2,399,174,2.6276196543637114,2.5375862337424975,1.0,0.9999999992328185,1.0,0.30273824964920165
rastrigin_mean_rotated_shifted_10d,10,ucb,constant,decay_uniform_grid_a1_2,1,uniform,0.5,400,165,164.03031799806755,0.4125,1,398,177,9.158460652799171,9.158460652799171,1.0,1.0,1.0,1.0
rastrigin_mean_rotated_shifted_10d,10,ucb,constant,decay_uniform_grid_a1_2,2,uniform,0.5,400,181,164.03031799806755,0.4525,1,400,204,2.0491925376172433,2.034690476142926,1.0,0.9999999905416141,0.9999999999999998,0.9999999999999454
rastrigin_mean_rotated_shifted_10d,10,ucb,constant,decay_uniform_grid_a1_2,3,uniform,0.5,400,147,164.03031799806755,0.3675,1,398,191,8.692710222112355,8.692710222112355,1.0,1.0,1.0,1.0
rastrigin_mean_rotated_shifted_10d,10,ucb,constant,decay_uniform_grid_a1_2,4,uniform,0.5,400,166,164.03031799806755,0.415,1,399,193,8.935946315843044,8.935946315843044,1.0,1.0,1.0,1.0
rastrigin_mean_rotated_shifted_10d,10,ucb,constant,decay_uniform_grid_a2_3,0,uniform,0.6666666666666666,400,65,75.21337704939067,0.1625,2,399,104,3.065884333746928,3.0511346408504054,1.0,0.9999999993204185,1.0,0.07197564257012369
rastrigin_mean_rotated_shifted_10d,10,ucb,constant,decay_uniform_grid_a2_3,1,uniform,0.6666666666666666,400,73,75.21337704939067,0.1825,1,398,101,1.3516728634343196,1.2816247388921311,0.9932526603607984,0.940150810664496,0.9747489683473245,0.25157773673725387
rastrigin_mean_rotated_shifted_10d,10,ucb,constant,decay_uniform_grid_a2_3,2,uniform,0.6666666666666666,400,89,75.21337704939067,0.2225,1,396,133,8.854417707887928,8.854417707887928,1.0,1.0,1.0,1.0
rastrigin_mean_rotated_shifted_10d,10,ucb,constant,decay_uniform_grid_a2_3,3,uniform,0.6666666666666666,400,68,75.21337704939067,0.17,1,393,99,8.692710222112355,8.692710222112355,1.0,1.0,1.0,1.0
rastrigin_mean_rotated_shifted_10d,10,ucb,constant,decay_uniform_grid_a2_3,4,uniform,0.6666666666666666,400,87,75.21337704939067,0.2175,1,389,123,8.995100650607933,8.935946315843044,1.0,1.0,1.0,1.0
rastrigin_mean_rotated_shifted_10d,10,ucb,constant,decay_uniform_grid_a3_2,0,uniform,1.5,400,5,3.134213985518419,0.0125,2,366,10,1.3970043549029811,1.3687546566324529,1.0,0.9999999859294592,0.9999999999999986,0.23273608773617688
rastrigin_mean_rotated_shifted_10d,10,ucb,constant,decay_uniform_grid_a3_2,1,uniform,1.5,400,3,3.134213985518419,0.0075,1,20,3,9.158460652799171,9.158460652799171,1.0,1.0,1.0,1.0
rastrigin_mean_rotated_shifted_10d,10,ucb,constant,decay_uniform_grid_a3_2,2,uniform,1.5,400,0,3.134213985518419,0.0,,,0,8.854417707887928,8.854417707887928,1.0,1.0,1.0,1.0
rastrigin_mean_rotated_shifted_10d,10,ucb,constant,decay_uniform_grid_a3_2,3,uniform,1.5,400,6,3.134213985518419,0.015,1,33,7,8.692710222112355,8.692710222112355,1.0,1.0,1.0,1.0
rastrigin_mean_rotated_shifted_10d,10,ucb,constant,decay_uniform_grid_a3_2,4,uniform,1.5,400,2,3.134213985518419,0.005,1,96,3,7.063599422610819,7.063599422610819,1.0,0.9999999996144975,1.0,0.36003439628564854
rastrigin_mean_rotated_shifted_10d,10,ucb,constant,decay_uniform_grid_a4_3,0,uniform,1.3333333333333333,400,6,5.27256894317306,0.015,2,366,12,2.4754540154203197,2.438458434783165,1.0,0.999999992303396,0.9999999999999998,0.029960985287594288
rastrigin_mean_rotated_shifted_10d,10,ucb,constant,decay_uniform_grid_a4_3,1,uniform,1.3333333333333333,400,6,5.27256894317306,0.015,1,53,9,9.158460652799171,9.158460652799171,1.0,1.0,1.0,1.0
rastrigin_mean_rotated_shifted_10d,10,ucb,constant,decay_uniform_grid_a4_3,2,uniform,1.3333333333333333,400,2,5.27256894317306,0.005,46,216,4,8.854417707887928,8.854417707887928,1.0,1.0,1.0,1.0
rastrigin_mean_rotated_shifted_10d,10,ucb,constant,decay_uniform_grid_a4_3,3,uniform,1.3333333333333333,400,10,5.27256894317306,0.025,1,222,15,8.692710222112355,8.692710222112355,1.0,1.0,1.0,1.0
rastrigin_mean_rotated_shifted_10d,10,ucb,constant,decay_uniform_grid_a4_3,4,uniform,1.3333333333333333,400,4,5.27256894317306,0.01,1,142,7,5.1542018338856685,5.1542018338856685,1.0,0.9999999995762459,1.0,0.9999999999999983
rastrigin_mean_rotated_shifted_10d,10,ucb,constant,decay_uniform_grid_a5_6,0,uniform,0.8333333333333334,400,27,35.84750100274302,0.0675,2,399,50,3.5953496592844134,3.550482835718674,1.0,0.9999999998801333,1.0,0.9774928555957274
rastrigin_mean_rotated_shifted_10d,10,ucb,constant,decay_uniform_grid_a5_6,1,uniform,0.8333333333333334,400,39,35.84750100274302,0.0975,1,398,65,9.158460652799171,9.158460652799171,1.0,1.0,1.0,1.0
rastrigin_mean_rotated_shifted_10d,10,ucb,constant,decay_uniform_grid_a5_6,2,uniform,0.8333333333333334,400,41,35.84750100274302,0.1025,1,390,75,8.854417707887928,8.854417707887928,1.0,1.0,1.0,1.0
rastrigin_mean_rotated_shifted_10d,10,ucb,constant,decay_uniform_grid_a5_6,3,uniform,0.8333333333333334,400,34,35.84750100274302,0.085,1,393,57,8.692710222112355,8.692710222112355,1.0,1.0,1.0,1.0
rastrigin_mean_rotated_shifted_10d,10,ucb,constant,decay_uniform_grid_a5_6,4,uniform,0.8333333333333334,400,34,35.84750100274302,0.085,1,337,59,7.08939618218821,7.08939618218821,1.0,0.9999999999374818,1.0,0.3748354928858984
rastrigin_mean_rotated_shifted_10d,10,ucb,constant,decay_uniform_grid_a7_6,0,uniform,1.1666666666666667,400,9,9.430928479597794,0.0225,2,366,18,2.6644380719096645,2.412890722502179,0.9700963184631387,0.9025294408354774,0.9411749563820798,0.9893971883870437
rastrigin_mean_rotated_shifted_10d,10,ucb,constant,decay_uniform_grid_a7_6,1,uniform,1.1666666666666667,400,9,9.430928479597794,0.0225,1,87,15,9.158460652799171,9.158460652799171,1.0,1.0,1.0,1.0
rastrigin_mean_rotated_shifted_10d,10,ucb,constant,decay_uniform_grid_a7_6,2,uniform,1.1666666666666667,400,7,9.430928479597794,0.0175,23,337,14,8.854417707887928,8.854417707887928,1.0,1.0,1.0,1.0
rastrigin_mean_rotated_shifted_10d,10,ucb,constant,decay_uniform_grid_a7_6,3,uniform,1.1666666666666667,400,12,9.430928479597794,0.03,1,372,19,8.692710222112355,8.692710222112355,1.0,1.0,1.0,1.0
rastrigin_mean_rotated_shifted_10d,10,ucb,constant,decay_uniform_grid_a7_6,4,uniform,1.1666666666666667,400,11,9.430928479597794,0.0275,1,312,21,3.42294725563456,3.42294725563456,1.0,0.9999999997783675,1.0,0.9999999999999741
rastrigin_mean_rotated_shifted_10d,10,ucb,constant,standard,0,none,nan,400,0,0.0,0.0,,,0,9.73281063129463,9.73281063129463,1.0,1.0,1.0,1.0
rastrigin_mean_rotated_shifted_10d,10,ucb,constant,standard,1,none,nan,400,0,0.0,0.0,,,0,9.158460652799171,9.158460652799171,1.0,1.0,1.0,1.0
rastrigin_mean_rotated_shifted_10d,10,ucb,constant,standard,2,none,nan,400,0,0.0,0.0,,,0,8.854417707887928,8.854417707887928,1.0,1.0,1.0,1.0
rastrigin_mean_rotated_shifted_10d,10,ucb,constant,standard,3,none,nan,400,0,0.0,0.0,,,0,1.3483659059899509,1.3483659059899509,1.0,0.9999999685725962,1.0,1.0
rastrigin_mean_rotated_shifted_10d,10,ucb,constant,standard,4,none,nan,400,0,0.0,0.0,,,0,5.307094620507252,5.250539491082138,1.0,0.9999999998936128,1.0,0.9999999999994903
rastrigin_mean_rotated_shifted_20d,20,ucb,constant,decay_uniform_grid_a1,0,uniform,1.0,400,11,17.8984421298378,0.0275,2,366,22,11.188539674435058,11.188539674435058,1.0,1.0,1.0,1.0
rastrigin_mean_rotated_shifted_20d,20,ucb,constant,decay_uniform_grid_a1,1,uniform,1.0,400,21,17.8984421298378,0.0525,1,280,37,10.807736760180001,10.807736760180001,1.0,0.9999999999982139,1.0,0.5906695457164357
rastrigin_mean_rotated_shifted_20d,20,ucb,constant,decay_uniform_grid_a1,2,uniform,1.0,400,16,17.8984421298378,0.04,1,390,29,11.628492199418679,11.628492199418679,1.0,0.9999999999449823,1.0,0.9999999999999176
rastrigin_mean_rotated_shifted_20d,20,ucb,constant,decay_uniform_grid_a1,3,uniform,1.0,400,20,17.8984421298378,0.05,1,381,31,6.577171901553487,6.653493685819963,0.9999535106594196,0.9991097754193432,0.9997601888817521,0.17481245156009334
rastrigin_mean_rotated_shifted_20d,20,ucb,constant,decay_uniform_grid_a1,4,uniform,1.0,400,23,17.8984421298378,0.0575,1,337,41,11.761009796598358,11.603228904000998,1.0,0.999999999999927,1.0,0.9999999999999617
rastrigin_mean_rotated_shifted_20d,20,ucb,constant,decay_uniform_grid_a1_2,0,uniform,0.5,400,138,164.03031799806755,0.345,2,399,174,2.0551977927839884,2.048186858716008,0.998032769899115,0.9881214589990015,0.9949641091784324,0.999878496492328
rastrigin_mean_rotated_shifted_20d,20,ucb,constant,decay_uniform_grid_a1_2,1,uniform,0.5,400,165,164.03031799806755,0.4125,1,398,177,4.1407146241788855,4.116242653193069,1.0,0.9999999998305525,0.9999999999999993,0.9999999999999595
rastrigin_mean_rotated_shifted_20d,20,ucb,constant,decay_uniform_grid_a1_2,2,uniform,0.5,400,181,164.03031799806755,0.4525,1,400,204,1.7603889307501093,1.6912935203815338,0.9999999999999908,0.9999999991672769,0.999999999999436,0.9999999999999826
rastrigin_mean_rotated_shifted_20d,20,ucb,constant,decay_uniform_grid_a1_2,3,uniform,0.5,400,147,164.03031799806755,0.3675,1,398,191,5.7357102122507815,5.623327314998802,1.0,0.9999999999985407,1.0,0.9999999999923863
rastrigin_mean_rotated_shifted_20d,20,ucb,constant,decay_uniform_grid_a1_2,4,uniform,0.5,400,166,164.03031799806755,0.415,1,399,193,1.1674456252445595,1.1143614468268965,1.0,0.9999999999733126,0.999999999999999,0.7855353013183949
rastrigin_mean_rotated_shifted_20d,20,ucb,constant,decay_uniform_grid_a2_3,0,uniform,0.6666666666666666,400,65,75.21337704939067,0.1625,2,399,104,2.197210312134017,2.1664537600574376,0.9999999999999862,0.9999999850302124,0.9999999999952612,0.12282050016048332
rastrigin_mean_rotated_shifted_20d,20,ucb,constant,decay_uniform_grid_a2_3,1,uniform,0.6666666666666666,400,73,75.21337704939067,0.1825,1,398,101,6.171976678153906,6.140855407761641,1.0,0.9999999999978378,1.0,0.999999999999736
rastrigin_mean_rotated_shifted_20d,20,ucb,constant,decay_uniform_grid_a2_3,2,uniform,0.6666666666666666,400,89,75.21337704939067,0.2225,1,396,133,1.0329362853040749,1.0008541163198585,1.0,0.9999999999547726,0.9999999999999979,0.9999999999999941
rastrigin_mean_rotated_shifted_20d,20,ucb,constant,decay_uniform_grid_a2_3,3,uniform,0.6666666666666666,400,68,75.21337704939067,0.17,1,393,99,5.59558990397471,5.59558990397471,1.0,0.9999999999936942,0.9999999999999999,0.11295959543715849
rastrigin_mean_rotated_shifted_20d,20,ucb,constant,decay_uniform_grid_a2_3,4,uniform,0.6666666666666666,400,87,75.21337704939067,0.2175,1,389,123,11.882993831641034,11.860073312567442,1.0,0.9999999999997853,1.0,0.9999999999994676
rastrigin_mean_rotated_shifted_20d,20,ucb,constant,decay_uniform_grid_a3_2,0,uniform,1.5,400,5,3.134213985518419,0.0125,2,366,10,11.326269791559236,11.326269791559236,1.0,0.9999999999992422,1.0,0.9999999999999981
rastrigin_mean_rotated_shifted_20d,20,ucb,constant,decay_uniform_grid_a3_2,1,uniform,1.5,400,3,3.134213985518419,0.0075,1,20,3,9.389606597217682,9.296687910048243,1.0,0.9999999999836201,0.9999999999999999,0.423629972055872
rastrigin_mean_rotated_shifted_20d,20,ucb,constant,decay_uniform_grid_a3_2,2,uniform,1.5,400,0,3.134213985518419,0.0,,,0,11.23986534996655,11.029398123892147,1.0,0.9999999999999373,1.0,0.999999999999994
rastrigin_mean_rotated_shifted_20d,20,ucb,constant,decay_uniform_grid_a3_2,3,uniform,1.5,400,6,3.134213985518419,0.015,1,33,7,4.088161581923382,3.9965558864738826,1.0,0.9999999999912681,0.9999999999999999,0.9999999998442779
rastrigin_mean_rotated_shifted_20d,20,ucb,constant,decay_uniform_grid_a3_2,4,uniform,1.5,400,2,3.134213985518419,0.005,1,96,3,5.02505653815108,5.02505653815108,1.0,0.9999999999817217,0.9999999999999999,0.337130298303117
rastrigin_mean_rotated_shifted_20d,20,ucb,constant,decay_uniform_grid_a4_3,0,uniform,1.3333333333333333,400,6,5.27256894317306,0.015,2,366,12,11.924572892391634,11.924572892391634,1.0,0.9999999999973577,1.0,0.9999999999999952
rastrigin_mean_rotated_shifted_20d,20,ucb,constant,decay_uniform_grid_a4_3,1,uniform,1.3333333333333333,400,6,5.27256894317306,0.015,1,53,9,10.770075593423961,10.770075593423961,1.0,0.9999999999999933,1.0,0.9999999999999999
rastrigin_mean_rotated_shifted_20d,20,ucb,constant,decay_uniform_grid_a4_3,2,uniform,1.3333333333333333,400,2,5.27256894317306,0.005,46,216,4,9.374040935831946,9.374040935831946,1.0,0.999999999998669,1.0,0.9999999999999468
rastrigin_mean_rotated_shifted_20d,20,ucb,constant,decay_uniform_grid_a4_3,3,uniform,1.3333333333333333,400,10,5.27256894317306,0.025,1,222,15,11.944872150015211,11.944872150015211,1.0,1.0,1.0,1.0
rastrigin_mean_rotated_shifted_20d,20,ucb,constant,decay_uniform_grid_a4_3,4,uniform,1.3333333333333333,400,4,5.27256894317306,0.01,1,142,7,5.7898145719149205,5.7898145719149205,1.0,0.999999999996349,1.0,0.9999999999978816
rastrigin_mean_rotated_shifted_20d,20,ucb,constant,decay_uniform_grid_a5_6,0,uniform,0.8333333333333334,400,27,35.84750100274302,0.0675,2,399,50,2.918388123912264,2.8332458931287716,1.0,0.9999999993645865,0.9999999999999936,0.3676521299317838
rastrigin_mean_rotated_shifted_20d,20,ucb,constant,decay_uniform_grid_a5_6,1,uniform,0.8333333333333334,400,39,35.84750100274302,0.0975,1,398,65,3.534610680810421,3.534610680810421,1.0,0.9999999999954543,1.0,0.9999999999996452
rastrigin_mean_rotated_shifted_20d,20,ucb,constant,decay_uniform_grid_a5_6,2,uniform,0.8333333333333334,400,41,35.84750100274302,0.1025,1,390,75,11.846928219675663,11.846928219675663,1.0,0.9999999999999991,1.0,0.9999999999999999
rastrigin_mean_rotated_shifted_20d,20,ucb,constant,decay_uniform_grid_a5_6,3,uniform,0.8333333333333334,400,34,35.84750100274302,0.085,1,393,57,4.4290407038244215,4.355948661733349,1.0,0.9999999999979973,1.0,0.30656390978981046
rastrigin_mean_rotated_shifted_20d,20,ucb,constant,decay_uniform_grid_a5_6,4,uniform,0.8333333333333334,400,34,35.84750100274302,0.085,1,337,59,9.567552200910052,9.567552200910052,1.0,0.9999999999970437,1.0,0.9999999999994313
rastrigin_mean_rotated_shifted_20d,20,ucb,constant,decay_uniform_grid_a7_6,0,uniform,1.1666666666666667,400,9,9.430928479597794,0.0225,2,366,18,11.924572892391634,11.924572892391634,1.0,0.9999999999982621,1.0,0.9999999999999992
rastrigin_mean_rotated_shifted_20d,20,ucb,constant,decay_uniform_grid_a7_6,1,uniform,1.1666666666666667,400,9,9.430928479597794,0.0225,1,87,15,3.9693816478349637,3.9693816478349637,1.0,0.9999999999951988,0.9999999999999999,0.9999999999998548
rastrigin_mean_rotated_shifted_20d,20,ucb,constant,decay_uniform_grid_a7_6,2,uniform,1.1666666666666667,400,7,9.430928479597794,0.0175,23,337,14,10.703359063649472,10.703359063649472,1.0,0.9999999999991451,1.0,0.9999999999949019
rastrigin_mean_rotated_shifted_20d,20,ucb,constant,decay_uniform_grid_a7_6,3,uniform,1.1666666666666667,400,12,9.430928479597794,0.03,1,372,19,11.944872150015211,11.944872150015211,1.0,1.0,1.0,1.0
rastrigin_mean_rotated_shifted_20d,20,ucb,constant,decay_uniform_grid_a7_6,4,uniform,1.1666666666666667,400,11,9.430928479597794,0.0275,1,312,21,6.283226819968898,6.253288805041971,1.0,0.9999999999993783,1.0,0.9999999999999895
rastrigin_mean_rotated_shifted_20d,20,ucb,constant,standard,0,none,nan,400,0,0.0,0.0,,,0,1.1748095543831425,1.1218783635252394,0.9974933814175002,0.984931592213083,0.9934327468395786,0.9997255998778689
rastrigin_mean_rotated_shifted_20d,20,ucb,constant,standard,1,none,nan,400,0,0.0,0.0,,,0,2.87149544903061,2.7873188448671358,1.0,0.9999999999714135,0.9999999999999991,0.9999999999999792
rastrigin_mean_rotated_shifted_20d,20,ucb,constant,standard,2,none,nan,400,0,0.0,0.0,,,0,11.23986534996655,11.029398123892147,1.0,0.9999999999999373,1.0,0.999999999999994
rastrigin_mean_rotated_shifted_20d,20,ucb,constant,standard,3,none,nan,400,0,0.0,0.0,,,0,6.031789276701568,5.992976808498296,1.0,0.9999999999989195,0.9999999999999999,0.9999999999997125
rastrigin_mean_rotated_shifted_20d,20,ucb,constant,standard,4,none,nan,400,0,0.0,0.0,,,0,10.519486200148014,10.519486200148014,1.0,0.9999999999993539,1.0,0.9999999999999728
rastrigin_mean_rotated_shifted_2d,2,ucb,constant,decay_uniform_grid_a1,0,uniform,1.0,400,11,17.8984421298378,0.0275,2,366,22,1.9929553705506535,1.9912898975068707,0.9115719083807426,0.6513064018722358,0.8409654374353543,0.010671817845525606
rastrigin_mean_rotated_shifted_2d,2,ucb,constant,decay_uniform_grid_a1,1,uniform,1.0,400,21,17.8984421298378,0.0525,1,280,37,2.0314799143536906,1.9962507531846523,0.9933443119805041,0.7174737150873141,0.9311211115491475,0.006231922350518249
rastrigin_mean_rotated_shifted_2d,2,ucb,constant,decay_uniform_grid_a1,2,uniform,1.0,400,16,17.8984421298378,0.04,1,390,29,1.9972138204549221,1.9899682878200515,0.9618610092848342,0.6918342486119804,0.890097429423291,0.006917019602254486
rastrigin_mean_rotated_shifted_2d,2,ucb,constant,decay_uniform_grid_a1,3,uniform,1.0,400,20,17.8984421298378,0.05,1,381,31,0.5188076911018005,0.4976110539891465,0.8771598275361737,0.6010985102608182,0.7929456245492397,0.005743067508271111
rastrigin_mean_rotated_shifted_2d,2,ucb,constant,decay_uniform_grid_a1,4,uniform,1.0,400,23,17.8984421298378,0.0575,1,337,41,0.5461938927032577,0.5130245900018036,0.9870594139990106,0.7567244972788507,0.9575807668988239,0.011391110137498932
rastrigin_mean_rotated_shifted_2d,2,ucb,constant,decay_uniform_grid_a1_2,0,uniform,0.5,400,138,164.03031799806755,0.345,2,399,174,0.49764771555134146,0.49765554355988684,0.9984109291090757,0.6965622069567328,0.9394747547229054,0.01208051294423576
rastrigin_mean_rotated_shifted_2d,2,ucb,constant,decay_uniform_grid_a1_2,1,uniform,0.5,400,165,164.03031799806755,0.4125,1,398,177,0.50191561721795,0.4974906162537529,0.9908326214623587,0.6696004233957135,0.9249812942328361,0.009610300329334796
rastrigin_mean_rotated_shifted_2d,2,ucb,constant,decay_uniform_grid_a1_2,2,uniform,0.5,400,181,164.03031799806755,0.4525,1,400,204,0.0021174051371453118,1.9209457875035696e-05,0.998903172106432,0.6998328734020784,0.9469259080695865,0.7635756167492389
rastrigin_mean_rotated_shifted_2d,2,ucb,constant,decay_uniform_grid_a1_2,3,uniform,0.5,400,147,164.03031799806755,0.3675,1,398,191,0.4995573844095098,0.49766262177068654,0.9986735492385886,0.6754334885593063,0.9324677635905897,0.007801894479959166
rastrigin_mean_rotated_shifted_2d,2,ucb,constant,decay_uniform_grid_a1_2,4,uniform,0.5,400,166,164.03031799806755,0.415,1,399,193,0.002068128162814986,4.64926456817949e-05,0.9979659330688058,0.7018496559261588,0.9469154425527943,0.013759857532642375
rastrigin_mean_rotated_shifted_2d,2,ucb,constant,decay_uniform_grid_a2_3,0,uniform,0.6666666666666666,400,65,75.21337704939067,0.1625,2,399,104,0.5099493582233627,0.5019477312663607,0.9996828000505359,0.7486288212932547,0.9764322615567457,0.018626053918004853
rastrigin_mean_rotated_shifted_2d,2,ucb,constant,decay_uniform_grid_a2_3,1,uniform,0.6666666666666666,400,73,75.21337704939067,0.1825,1,398,101,0.5024586863551121,0.49757993108108245,0.9876801449472742,0.6698480412829698,0.9181069624799647,0.010334700410642446
rastrigin_mean_rotated_shifted_2d,2,ucb,constant,decay_uniform_grid_a2_3,2,uniform,0.6666666666666666,400,89,75.21337704939067,0.2225,1,396,133,0.002564873225637143,0.00010181479984616715,0.9940030095982954,0.6912911466217972,0.9477758629864579,0.00789208092173718
rastrigin_mean_rotated_shifted_2d,2,ucb,constant,decay_uniform_grid_a2_3,3,uniform,0.6666666666666666,400,68,75.21337704939067,0.17,1,393,99,0.4980745379318581,0.49753936122798237,0.9844312949696375,0.6903891672654745,0.9426388088345776,0.008509712670570354
rastrigin_mean_rotated_shifted_2d,2,ucb,constant,decay_uniform_grid_a2_3,4,uniform,0.6666666666666666,400,87,75.21337704939067,0.2175,1,389,123,0.9963438882712268,0.9949635921035025,0.9967094468521199,0.7058170061891433,0.9514907265547496,0.007321499279283284
rastrigin_mean_rotated_shifted_2d,2,ucb,constant,decay_uniform_grid_a3_2,0,uniform,1.5,400,5,3.134213985518419,0.0125,2,366,10,0.5130002567358254,0.4974968058511813,0.929203406048415,0.6959447771574295,0.8911226274830696,0.007713308466866022
rastrigin_mean_rotated_shifted_2d,2,ucb,constant,decay_uniform_grid_a3_2,1,uniform,1.5,400,3,3.134213985518419,0.0075,1,20,3,2.018091553979307,1.9900435698804095,0.8101085948144168,0.538030153721446,0.7035627959859494,0.0060584152936135815
rastrigin_mean_rotated_shifted_2d,2,ucb,constant,decay_uniform_grid_a3_2,2,uniform,1.5,400,0,3.134213985518419,0.0,,,0,0.5315913544497537,0.4975627736181991,0.7320634301168534,0.4476017843352998,0.588225430905042,0.005998870334535499
rastrigin_mean_rotated_shifted_2d,2,ucb,constant,decay_uniform_grid_a3_2,3,uniform,1.5,400,6,3.134213985518419,0.015,1,33,7,0.5058245951138076,0.4974852432378256,0.8730562313771463,0.634181696199873,0.81775892098662,0.006169150119131215
rastrigin_mean_rotated_shifted_2d,2,ucb,constant,decay_uniform_grid_a3_2,4,uniform,1.5,400,2,3.134213985518419,0.005,1,96,3,0.5931057067000083,0.5105655328053604,0.8167046020039711,0.5420308530512088,0.7022855142538896,0.009013630475129828
rastrigin_mean_rotated_shifted_2d,2,ucb,constant,decay_uniform_grid_a4_3,0,uniform,1.3333333333333333,400,6,5.27256894317306,0.015,2,366,12,0.5072349442080615,0.4976490336794015,0.9487190048687412,0.6995237622336578,0.8983353576512466,0.008257679235373808
rastrigin_mean_rotated_shifted_2d,2,ucb,constant,decay_uniform_grid_a4_3,1,uniform,1.3333333333333333,400,6,5.27256894317306,0.015,1,53,9,0.500171056672297,0.4974796666028105,0.9345316952355237,0.6704724757921094,0.8417669204363047,0.006576021502302246
rastrigin_mean_rotated_shifted_2d,2,ucb,constant,decay_uniform_grid_a4_3,2,uniform,1.3333333333333333,400,2,5.27256894317306,0.005,46,216,4,0.5204759301364099,0.4991369991108243,0.7932355763907945,0.5033892918557492,0.6713833193098552,0.006199726216894512
rastrigin_mean_rotated_shifted_2d,2,ucb,constant,decay_uniform_grid_a4_3,3,uniform,1.3333333333333333,400,10,5.27256894317306,0.025,1,222,15,0.5076769446782379,0.4977498778211089,0.7542426913889785,0.49805455136146115,0.645050639690304,0.006145601800768691
rastrigin_mean_rotated_shifted_2d,2,ucb,constant,decay_uniform_grid_a4_3,4,uniform,1.3333333333333333,400,4,5.27256894317306,0.01,1,142,7,2.533924215812281,2.4901089352208503,0.917212426394958,0.6395745885000752,0.8356370655683487,0.005681829154008594
rastrigin_mean_rotated_shifted_2d,2,ucb,constant,decay_uniform_grid_a5_6,0,uniform,0.8333333333333334,400,27,35.84750100274302,0.0675,2,399,50,1.015274594111439,1.0091199839297111,0.9713873407113167,0.7064863413472718,0.9036876628303065,0.02518969590525894
rastrigin_mean_rotated_shifted_2d,2,ucb,constant,decay_uniform_grid_a5_6,1,uniform,0.8333333333333334,400,39,35.84750100274302,0.0975,1,398,65,2.019094208869067,1.990300279075333,0.9630190947546833,0.6304136086022157,0.8595333719022796,0.007046018784661883
rastrigin_mean_rotated_shifted_2d,2,ucb,constant,decay_uniform_grid_a5_6,2,uniform,0.8333333333333334,400,41,35.84750100274302,0.1025,1,390,75,0.025761011868661754,0.013235946358859607,0.9876712610201647,0.7261357279381409,0.9506936921177631,0.006678609250006878
rastrigin_mean_rotated_shifted_2d,2,ucb,constant,decay_uniform_grid_a5_6,3,uniform,0.8333333333333334,400,34,35.84750100274302,0.085,1,393,57,0.5099747309365767,0.5047536443346559,0.9687483742265931,0.6783766069838344,0.8985713683134119,0.014023359255633142
rastrigin_mean_rotated_shifted_2d,2,ucb,constant,decay_uniform_grid_a5_6,4,uniform,0.8333333333333334,400,34,35.84750100274302,0.085,1,337,59,2.503723920228719,2.4876791970934145,0.9982333665076105,0.7882333440641437,0.981731094826933,0.006689429340002308
rastrigin_mean_rotated_shifted_2d,2,ucb,constant,decay_uniform_grid_a7_6,0,uniform,1.1666666666666667,400,9,9.430928479597794,0.0225,2,366,18,0.5134339610002776,0.49750751138626015,0.9864452518658228,0.7696969238290141,0.950274384691455,0.0074238002303426915
rastrigin_mean_rotated_shifted_2d,2,ucb,constant,decay_uniform_grid_a7_6,1,uniform,1.1666666666666667,400,9,9.430928479597794,0.0225,1,87,15,1.0715249143541428,0.9958610852178467,0.8815581643480708,0.6174198523858627,0.8030616478357818,0.007005539249259702
rastrigin_mean_rotated_shifted_2d,2,ucb,constant,decay_uniform_grid_a7_6,2,uniform,1.1666666666666667,400,7,9.430928479597794,0.0175,23,337,14,0.5225513007938662,0.4976454282391991,0.9110619915967851,0.5884706644826405,0.7794814083663746,0.0066035772134182
rastrigin_mean_rotated_shifted_2d,2,ucb,constant,decay_uniform_grid_a7_6,3,uniform,1.1666666666666667,400,12,9.430928479597794,0.03,1,372,19,0.513323980417649,0.4977498778211089,0.9186728648420162,0.6565887586855641,0.8417134446820433,0.005845508226428729
rastrigin_mean_rotated_shifted_2d,2,ucb,constant,decay_uniform_grid_a7_6,4,uniform,1.1666666666666667,400,11,9.430928479597794,0.0275,1,312,21,0.9970211533885092,0.9953057053505852,0.95831091410505,0.7063787304015556,0.8968572869408092,0.0068521225965367805
rastrigin_mean_rotated_shifted_2d,2,ucb,constant,standard,0,none,nan,400,0,0.0,0.0,,,0,2.521439454181575,2.4901257186982857,0.7721235043540103,0.4539823364816121,0.6032372944270251,0.007831804765567529
rastrigin_mean_rotated_shifted_2d,2,ucb,constant,standard,1,none,nan,400,0,0.0,0.0,,,0,1.00374160761368,0.995092050613831,0.9999999999995764,0.9866816452200944,0.9999999978992199,0.010762903433298648
rastrigin_mean_rotated_shifted_2d,2,ucb,constant,standard,2,none,nan,400,0,0.0,0.0,,,0,0.5315913544497537,0.4975627736181991,0.7320634301168534,0.4476017843352998,0.588225430905042,0.005998870334535499
rastrigin_mean_rotated_shifted_2d,2,ucb,constant,standard,3,none,nan,400,0,0.0,0.0,,,0,1.0130107902252306,0.995204285765638,0.889681343078664,0.5949049442996805,0.7697823394589466,0.006104437072102014
rastrigin_mean_rotated_shifted_2d,2,ucb,constant,standard,4,none,nan,400,0,0.0,0.0,,,0,0.5003201821901371,0.49859871462581395,0.8255284944022908,0.5461909783235045,0.7296668682041446,0.008186510317263933
rastrigin_mean_rotated_shifted_30d,30,ucb,constant,decay_uniform_grid_a1,0,uniform,1.0,400,11,17.8984421298378,0.0275,2,366,22,11.96737092139727,11.96737092139727,1.0,0.9999999999999611,1.0,0.9999999999999714
rastrigin_mean_rotated_shifted_30d,30,ucb,constant,decay_uniform_grid_a1,1,uniform,1.0,400,21,17.8984421298378,0.0525,1,280,37,10.664803469384783,10.664803469384783,1.0,0.9999999999997448,0.9999999999999998,0.9999999999999889
rastrigin_mean_rotated_shifted_30d,30,ucb,constant,decay_uniform_grid_a1,2,uniform,1.0,400,16,17.8984421298378,0.04,1,390,29,3.917423695362986,3.810193740776237,0.9987198957600528,0.9942879525282953,0.9973167656504364,0.9999360020067979
rastrigin_mean_rotated_shifted_30d,30,ucb,constant,decay_uniform_grid_a1,3,uniform,1.0,400,20,17.8984421298378,0.05,1,381,31,4.448450487575512,4.4408932495790765,1.0,0.9999999999987348,0.9999999999999997,0.9999999999997018
rastrigin_mean_rotated_shifted_30d,30,ucb,constant,decay_uniform_grid_a1,4,uniform,1.0,400,23,17.8984421298378,0.0575,1,337,41,2.0590020041109955,2.0046937855364084,0.9999999999999999,0.9999999999963256,0.9999999999999966,0.10337039835290118
rastrigin_mean_rotated_shifted_30d,30,ucb,constant,decay_uniform_grid_a1_2,0,uniform,0.5,400,138,164.03031799806755,0.345,2,399,174,12.422075820459392,12.422075820459392,1.0,0.9999999999999889,1.0,0.9999999999999357
rastrigin_mean_rotated_shifted_30d,30,ucb,constant,decay_uniform_grid_a1_2,1,uniform,0.5,400,165,164.03031799806755,0.4125,1,398,177,6.651028488001089,6.6624721624198635,1.0,0.999999999998978,0.9999999999999971,0.43571432646638525
rastrigin_mean_rotated_shifted_30d,30,ucb,constant,decay_uniform_grid_a1_2,2,uniform,0.5,400,181,164.03031799806755,0.4525,1,400,204,7.231671001600785,7.231671001600785,0.9999999999999999,0.9999999999970426,0.9999999999999891,0.9999999999983812
rastrigin_mean_rotated_shifted_30d,30,ucb,constant,decay_uniform_grid_a1_2,3,uniform,0.5,400,147,164.03031799806755,0.3675,1,398,191,8.155000744498963,8.155000744498963,1.0,0.9999999999988176,0.9999999999999989,0.9999999999955594
rastrigin_mean_rotated_shifted_30d,30,ucb,constant,decay_uniform_grid_a1_2,4,uniform,0.5,400,166,164.03031799806755,0.415,1,399,193,2.004669940703985,1.966556883633252,0.9999999999999999,0.999999999871596,0.9999999999999869,0.9999442420181373
rastrigin_mean_rotated_shifted_30d,30,ucb,constant,decay_uniform_grid_a2_3,0,uniform,0.6666666666666666,400,65,75.21337704939067,0.1625,2,399,104,11.960018914772418,11.960018914772418,1.0,0.999999999999998,1.0,0.999999999999978
rastrigin_mean_rotated_shifted_30d,30,ucb,constant,decay_uniform_grid_a2_3,1,uniform,0.6666666666666666,400,73,75.21337704939067,0.1825,1,398,101,7.28134222932625,7.28134222932625,0.9999999999999999,0.9999999999954607,0.9999999999999909,0.9999999999985373
rastrigin_mean_rotated_shifted_30d,30,ucb,constant,decay_uniform_grid_a2_3,2,uniform,0.6666666666666666,400,89,75.21337704939067,0.2225,1,396,133,8.182821129348183,8.207556792155588,0.9999999999999191,0.9999999997863378,0.9999999999976953,0.1930939918832087
rastrigin_mean_rotated_shifted_30d,30,ucb,constant,decay_uniform_grid_a2_3,3,uniform,0.6666666666666666,400,68,75.21337704939067,0.17,1,393,99,7.043517550900181,6.977196946025694,0.9999999999999999,0.9999999999922561,0.9999999999999939,0.1692472160532684
rastrigin_mean_rotated_shifted_30d,30,ucb,constant,decay_uniform_grid_a2_3,4,uniform,0.6666666666666666,400,87,75.21337704939067,0.2175,1,389,123,1.7138171680371006,1.7138171680371006,1.0,0.9999999999967534,0.9999999999999977,0.0992995111124359
rastrigin_mean_rotated_shifted_30d,30,ucb,constant,decay_uniform_grid_a3_2,0,uniform,1.5,400,5,3.134213985518419,0.0125,2,366,10,5.850515075709462,5.864258526850884,0.9999999999999999,0.9999999999941613,0.999999999999993,0.8472211502730017
rastrigin_mean_rotated_shifted_30d,30,ucb,constant,decay_uniform_grid_a3_2,1,uniform,1.5,400,3,3.134213985518419,0.0075,1,20,3,6.737537859978894,6.694251394236403,1.0,0.9999999999980301,0.9999999999999983,0.9999999999997581
rastrigin_mean_rotated_shifted_30d,30,ucb,constant,decay_uniform_grid_a3_2,2,uniform,1.5,400,0,3.134213985518419,0.0,,,0,9.139187366990546,9.060408807137241,0.9999999999999999,0.9999999999980823,0.9999999999999957,0.24685436664424026
rastrigin_mean_rotated_shifted_30d,30,ucb,constant,decay_uniform_grid_a3_2,3,uniform,1.5,400,6,3.134213985518419,0.015,1,33,7,4.9853664250623035,4.946773831394907,1.0,0.9999999999990519,0.9999999999999992,0.9999999999999718
rastrigin_mean_rotated_shifted_30d,30,ucb,constant,decay_uniform_grid_a3_2,4,uniform,1.5,400,2,3.134213985518419,0.005,1,96,3,11.822264486601473,11.822264486601473,1.0,1.0,1.0,1.0
rastrigin_mean_rotated_shifted_30d,30,ucb,constant,decay_uniform_grid_a4_3,0,uniform,1.3333333333333333,400,6,5.27256894317306,0.015,2,366,12,10.636905389845737,10.601216703488557,0.9999999999999998,0.9999999999971945,0.9999999999999927,0.3132691215398467
rastrigin_mean_rotated_shifted_30d,30,ucb,constant,decay_uniform_grid_a4_3,1,uniform,1.3333333333333333,400,6,5.27256894317306,0.015,1,53,9,8.799334965989935,8.799334965989935,1.0,0.9999999999998201,0.9999999999999999,0.9999999999944741
rastrigin_mean_rotated_shifted_30d,30,ucb,constant,decay_uniform_grid_a4_3,2,uniform,1.3333333333333333,400,2,5.27256894317306,0.005,46,216,4,6.223438781334375,6.168691754544993,0.9999999999999999,0.9999999999941505,0.9999999999999938,0.16802649911145928
rastrigin_mean_rotated_shifted_30d,30,ucb,constant,decay_uniform_grid_a4_3,3,uniform,1.3333333333333333,400,10,5.27256894317306,0.025,1,222,15,6.2176051328155495,6.145119675664777,1.0,0.9999999999995941,0.9999999999999999,0.999999999997934
rastrigin_mean_rotated_shifted_30d,30,ucb,constant,decay_uniform_grid_a4_3,4,uniform,1.3333333333333333,400,4,5.27256894317306,0.01,1,142,7,11.822264486601473,11.822264486601473,1.0,1.0,1.0,1.0
rastrigin_mean_rotated_shifted_30d,30,ucb,constant,decay_uniform_grid_a5_6,0,uniform,0.8333333333333334,400,27,35.84750100274302,0.0675,2,399,50,11.368354428439742,11.368354428439742,1.0,0.9999999999997997,0.9999999999999999,0.9999999999999425
rastrigin_mean_rotated_shifted_30d,30,ucb,constant,decay_uniform_grid_a5_6,1,uniform,0.8333333333333334,400,39,35.84750100274302,0.0975,1,398,65,9.151941300140091,9.151941300140091,0.9999999999999999,0.9999999999980149,0.999999999999998,0.999999999981189
rastrigin_mean_rotated_shifted_30d,30,ucb,constant,decay_uniform_grid_a5_6,2,uniform,0.8333333333333334,400,41,35.84750100274302,0.1025,1,390,75,3.3042653156141504,3.2837510179843434,0.9999999999999989,0.9999999999764606,0.9999999999999435,0.09282544705600662
rastrigin_mean_rotated_shifted_30d,30,ucb,constant,decay_uniform_grid_a5_6,3,uniform,0.8333333333333334,400,34,35.84750100274302,0.085,1,393,57,5.246890229327907,5.206944234474497,1.0,0.9999999999990934,0.9999999999999994,0.999999999999871
rastrigin_mean_rotated_shifted_30d,30,ucb,constant,decay_uniform_grid_a5_6,4,uniform,0.8333333333333334,400,34,35.84750100274302,0.085,1,337,59,2.6641827733673704,2.6555380467937777,1.0,0.9999999999995061,0.9999999999999997,0.9999999999999377
rastrigin_mean_rotated_shifted_30d,30,ucb,constant,decay_uniform_grid_a7_6,0,uniform,1.1666666666666667,400,9,9.430928479597794,0.0225,2,366,18,3.6571939669741664,3.6438006373222662,1.0,0.9999999999979152,0.999999999999998,0.10586646568559066
rastrigin_mean_rotated_shifted_30d,30,ucb,constant,decay_uniform_grid_a7_6,1,uniform,1.1666666666666667,400,9,9.430928479597794,0.0225,1,87,15,8.148004560052579,8.148004560052579,1.0,0.9999999999993537,0.9999999999999991,0.9999999999977212
rastrigin_mean_rotated_shifted_30d,30,ucb,constant,decay_uniform_grid_a7_6,2,uniform,1.1666666666666667,400,7,9.430928479597794,0.0175,23,337,14,2.0311563174724956,2.006558989226258,0.9999999999999996,0.9999999999900004,0.999999999999981,0.09872307491598632
rastrigin_mean_rotated_shifted_30d,30,ucb,constant,decay_uniform_grid_a7_6,3,uniform,1.1666666666666667,400,12,9.430928479597794,0.03,1,372,19,6.569783480174255,6.522238387994747,1.0,0.999999999999444,0.9999999999999998,0.999999999999885
rastrigin_mean_rotated_shifted_30d,30,ucb,constant,decay_uniform_grid_a7_6,4,uniform,1.1666666666666667,400,11,9.430928479597794,0.0275,1,312,21,11.822264486601473,11.822264486601473,1.0,1.0,1.0,1.0
rastrigin_mean_rotated_shifted_30d,30,ucb,constant,standard,0,none,nan,400,0,0.0,0.0,,,0,13.525447623725968,13.396415135246423,0.9999999999996975,0.9999999996038699,0.9999999999918454,0.31102014268118433
rastrigin_mean_rotated_shifted_30d,30,ucb,constant,standard,1,none,nan,400,0,0.0,0.0,,,0,5.447824388294335,5.447824388294335,1.0,0.9999999999986813,0.9999999999999978,0.9999999999823199
rastrigin_mean_rotated_shifted_30d,30,ucb,constant,standard,2,none,nan,400,0,0.0,0.0,,,0,9.139187366990546,9.060408807137241,0.9999999999999999,0.9999999999980823,0.9999999999999957,0.24685436664424026
rastrigin_mean_rotated_shifted_30d,30,ucb,constant,standard,3,none,nan,400,0,0.0,0.0,,,0,8.54757231689838,8.54757231689838,0.9999999999999999,0.9999999999964541,0.9999999999999962,0.23262142850360792
rastrigin_mean_rotated_shifted_30d,30,ucb,constant,standard,4,none,nan,400,0,0.0,0.0,,,0,9.253298009355824,9.253298009355824,1.0,0.9999999999979026,0.999999999999999,0.9999999999996847
rastrigin_mean_rotated_shifted_5d,5,ucb,constant,decay_uniform_grid_a1,0,uniform,1.0,400,11,17.8984421298378,0.0275,2,366,22,1.0255307006089183,1.005921446000552,1.0,0.9997582049168595,0.9999999999999875,0.03899430891695065
rastrigin_mean_rotated_shifted_5d,5,ucb,constant,decay_uniform_grid_a1,1,uniform,1.0,400,21,17.8984421298378,0.0525,1,280,37,2.8599725509976706,2.80008276100252,0.9699131668749111,0.8481935209216867,0.9218933771592289,0.011042290341314476
rastrigin_mean_rotated_shifted_5d,5,ucb,constant,decay_uniform_grid_a1,2,uniform,1.0,400,16,17.8984421298378,0.04,1,390,29,0.6404358105679406,0.6006781131782702,1.0,0.9999798770575856,0.9999999999999999,0.04641110139368496
rastrigin_mean_rotated_shifted_5d,5,ucb,constant,decay_uniform_grid_a1,3,uniform,1.0,400,20,17.8984421298378,0.05,1,381,31,1.63636262002573,1.6081825445491547,1.0,0.9999878699607945,0.9999999999999819,0.031080952179935097
rastrigin_mean_rotated_shifted_5d,5,ucb,constant,decay_uniform_grid_a1,4,uniform,1.0,400,23,17.8984421298378,0.0575,1,337,41,0.5018030657835979,0.4360106584943438,0.9555559029703032,0.7859284205429232,0.8813607671521779,0.011694187704427698
rastrigin_mean_rotated_shifted_5d,5,ucb,constant,decay_uniform_grid_a1_2,0,uniform,0.5,400,138,164.03031799806755,0.345,2,399,174,1.0620792717689298,1.0127414471812144,0.9983473475891825,0.9408646265772365,0.9902988738804316,0.03323663057652235
rastrigin_mean_rotated_shifted_5d,5,ucb,constant,decay_uniform_grid_a1_2,1,uniform,0.5,400,165,164.03031799806755,0.4125,1,398,177,2.2761898910597864,2.238765548734868,0.9989003866368005,0.9425889515037877,0.9910981668323019,0.9997902053635368
rastrigin_mean_rotated_shifted_5d,5,ucb,constant,decay_uniform_grid_a1_2,2,uniform,0.5,400,181,164.03031799806755,0.4525,1,400,204,1.810574776428244,1.8022344949358682,0.9999360675122392,0.9701523506772171,0.9977025761707085,0.9002306097674269
rastrigin_mean_rotated_shifted_5d,5,ucb,constant,decay_uniform_grid_a1_2,3,uniform,0.5,400,147,164.03031799806755,0.3675,1,398,191,1.4766859516579458,1.384410144278678,1.0,0.9999926187335404,0.9999999999999651,0.865088311548371
rastrigin_mean_rotated_shifted_5d,5,ucb,constant,decay_uniform_grid_a1_2,4,uniform,0.5,400,166,164.03031799806755,0.415,1,399,193,0.6540390688438393,0.6133380245371228,0.9982385176924592,0.9321278507277331,0.9877668445516943,0.0192082426534294
rastrigin_mean_rotated_shifted_5d,5,ucb,constant,decay_uniform_grid_a2_3,0,uniform,0.6666666666666666,400,65,75.21337704939067,0.1625,2,399,104,1.2406519811133563,1.2057183192951613,0.9920106092226979,0.9025471852406588,0.9682255652967201,0.014780523763725621
rastrigin_mean_rotated_shifted_5d,5,ucb,constant,decay_uniform_grid_a2_3,1,uniform,0.6666666666666666,400,73,75.21337704939067,0.1825,1,398,101,2.233348105972192,2.205897874338183,1.0,0.9999659911779737,0.9999999999999675,0.040581892038914595
rastrigin_mean_rotated_shifted_5d,5,ucb,constant,decay_uniform_grid_a2_3,2,uniform,0.6666666666666666,400,89,75.21337704939067,0.2225,1,396,133,2.0254921158449077,2.0095837944425794,0.9993604542489204,0.9593152845283919,0.9952225309236374,0.05261650432771679
rastrigin_mean_rotated_shifted_5d,5,ucb,constant,decay_uniform_grid_a2_3,3,uniform,0.6666666666666666,400,68,75.21337704939067,0.17,1,393,99,1.8694570756922446,1.821274937752881,1.0,0.999984823106172,0.9999999999999989,0.07997780523478876
rastrigin_mean_rotated_shifted_5d,5,ucb,constant,decay_uniform_grid_a2_3,4,uniform,0.6666666666666666,400,87,75.21337704939067,0.2175,1,389,123,0.7109079979763038,0.6212908751265701,0.9724393628686413,0.8399653598092605,0.9326265501767728,0.015303029431652902
rastrigin_mean_rotated_shifted_5d,5,ucb,constant,decay_uniform_grid_a3_2,0,uniform,1.5,400,5,3.134213985518419,0.0125,2,366,10,0.9074457430003463,0.7977063471160648,0.8726832078494539,0.6995489385721132,0.798416238825673,0.006972122122677569
rastrigin_mean_rotated_shifted_5d,5,ucb,constant,decay_uniform_grid_a3_2,1,uniform,1.5,400,3,3.134213985518419,0.0075,1,20,3,2.835126706035129,2.7901163198526318,0.9345578880203163,0.7767478184426001,0.8687010615348291,0.00887997793915941
rastrigin_mean_rotated_shifted_5d,5,ucb,constant,decay_uniform_grid_a3_2,2,uniform,1.5,400,0,3.134213985518419,0.0,,,0,0.6707009569096499,0.6313397807676125,1.0,0.9999893362184566,1.0,0.1458007178174758
rastrigin_mean_rotated_shifted_5d,5,ucb,constant,decay_uniform_grid_a3_2,3,uniform,1.5,400,6,3.134213985518419,0.015,1,33,7,0.6521048980530963,0.6202884856132271,0.965033729541035,0.8276979064295553,0.9056526333738046,0.014842036320897896
rastrigin_mean_rotated_shifted_5d,5,ucb,constant,decay_uniform_grid_a3_2,4,uniform,1.5,400,2,3.134213985518419,0.005,1,96,3,2.339701802736066,2.202138596979421,0.848098659543077,0.6080643348148208,0.7151265231291096,0.00797824257603387
rastrigin_mean_rotated_shifted_5d,5,ucb,constant,decay_uniform_grid_a4_3,0,uniform,1.3333333333333333,400,6,5.27256894317306,0.015,2,366,12,0.9888806337013094,0.8013874960200809,0.9535442547023375,0.7556551057192864,0.866020651567444,0.006619937097143943
rastrigin_mean_rotated_shifted_5d,5,ucb,constant,decay_uniform_grid_a4_3,1,uniform,1.3333333333333333,400,6,5.27256894317306,0.015,1,53,9,2.6135132403598407,2.6135132403598407,1.0,0.9999396156308838,0.9999999999999969,0.2895775087289382
rastrigin_mean_rotated_shifted_5d,5,ucb,constant,decay_uniform_grid_a4_3,2,uniform,1.3333333333333333,400,2,5.27256894317306,0.005,46,216,4,2.0635214075190604,2.003157106657504,1.0,0.9999749996707894,0.9999999999999999,0.09555657873768884
rastrigin_mean_rotated_shifted_5d,5,ucb,constant,decay_uniform_grid_a4_3,3,uniform,1.3333333333333333,400,10,5.27256894317306,0.025,1,222,15,1.7622404072332558,1.7622404072332558,1.0,0.9999787238500193,1.0,0.34089605376305765
rastrigin_mean_rotated_shifted_5d,5,ucb,constant,decay_uniform_grid_a4_3,4,uniform,1.3333333333333333,400,4,5.27256894317306,0.01,1,142,7,2.3886950628419528,2.217572177590634,0.9089778610041165,0.6388984826086397,0.7556982953466375,0.00817214913612469
rastrigin_mean_rotated_shifted_5d,5,ucb,constant,decay_uniform_grid_a5_6,0,uniform,0.8333333333333334,400,27,35.84750100274302,0.0675,2,399,50,1.073707442280633,1.031245128878527,1.0,0.9997601299226371,0.9999999999999879,1.0
rastrigin_mean_rotated_shifted_5d,5,ucb,constant,decay_uniform_grid_a5_6,1,uniform,0.8333333333333334,400,39,35.84750100274302,0.0975,1,398,65,2.940940853082002,2.8205487825355364,0.9941484277038453,0.9112343227030999,0.9671361810731748,1.0
rastrigin_mean_rotated_shifted_5d,5,ucb,constant,decay_uniform_grid_a5_6,2,uniform,0.8333333333333334,400,41,35.84750100274302,0.1025,1,390,75,0.5079373601328868,0.41228621843132063,1.0,0.9999710853787744,0.9999999999999915,0.022479588356007732
rastrigin_mean_rotated_shifted_5d,5,ucb,constant,decay_uniform_grid_a5_6,3,uniform,0.8333333333333334,400,34,35.84750100274302,0.085,1,393,57,1.66140667926189,1.66140667926189,1.0,0.9999967688552391,0.999999999999999,0.03651228217449054
rastrigin_mean_rotated_shifted_5d,5,ucb,constant,decay_uniform_grid_a5_6,4,uniform,0.8333333333333334,400,34,35.84750100274302,0.085,1,337,59,2.3313366485398235,2.2002573971857102,0.9449269251367417,0.691759078108097,0.8171561058499379,0.009190617225091164
rastrigin_mean_rotated_shifted_5d,5,ucb,constant,decay_uniform_grid_a7_6,0,uniform,1.1666666666666667,400,9,9.430928479597794,0.0225,2,366,18,1.0072105260863466,0.808941334947113,0.9752360901726174,0.7652478763705619,0.8697939435135316,0.007491737885744967
rastrigin_mean_rotated_shifted_5d,5,ucb,constant,decay_uniform_grid_a7_6,1,uniform,1.1666666666666667,400,9,9.430928479597794,0.0225,1,87,15,2.803962983978329,2.794301129185493,1.0,0.9999721228729526,0.9999999999999862,0.1129201682161799
rastrigin_mean_rotated_shifted_5d,5,ucb,constant,decay_uniform_grid_a7_6,2,uniform,1.1666666666666667,400,7,9.430928479597794,0.0175,23,337,14,2.025816374910761,2.000385630238891,1.0,0.9999686684436268,0.999999999999999,0.0984934046732759
rastrigin_mean_rotated_shifted_5d,5,ucb,constant,decay_uniform_grid_a7_6,3,uniform,1.1666666666666667,400,12,9.430928479597794,0.03,1,372,19,2.133720356210354,2.133720356210354,1.0,0.9999801818309968,1.0,0.16225033180232654
rastrigin_mean_rotated_shifted_5d,5,ucb,constant,decay_uniform_grid_a7_6,4,uniform,1.1666666666666667,400,11,9.430928479597794,0.0275,1,312,21,2.298173199758709,2.226550649642951,0.9509153129157545,0.7675996845321719,0.8582389495788855,0.007797791049344151
rastrigin_mean_rotated_shifted_5d,5,ucb,constant,standard,0,none,nan,400,0,0.0,0.0,,,0,1.38164886315258,1.2892746792309224,1.0,0.9998051150744622,0.9999999999999998,0.0661094262429354
rastrigin_mean_rotated_shifted_5d,5,ucb,constant,standard,1,none,nan,400,0,0.0,0.0,,,0,2.7947567046577264,2.7947567046577264,1.0,0.9999833140224276,0.9999999999999981,0.06059857793896534
rastrigin_mean_rotated_shifted_5d,5,ucb,constant,standard,2,none,nan,400,0,0.0,0.0,,,0,0.6707009569096499,0.6313397807676125,1.0,0.9999893362184566,1.0,0.1458007178174758
rastrigin_mean_rotated_shifted_5d,5,ucb,constant,standard,3,none,nan,400,0,0.0,0.0,,,0,1.8900045265271275,1.8464486935173454,1.0,0.9999943693284176,1.0,0.23737356432549275
rastrigin_mean_rotated_shifted_5d,5,ucb,constant,standard,4,none,nan,400,0,0.0,0.0,,,0,0.6717938476640711,0.5174121697317375,1.0,0.9999376616306774,1.0,0.15983095447971626
