dimension,alpha,policy,n_seeds,standard_mean_regret,pe_mean_regret,mean_paired_improvement,ci95_low,ci95_high,wins,ties,losses
2,0.5,decay_uniform_grid_a1_2,5,0.0026815581332191945,0.010063336265893624,-0.007381778132674428,-0.013388205045572737,-0.0013753512197761197,1,0,4
2,0.6666666666666666,decay_uniform_grid_a2_3,5,0.0026815581332191945,0.004952990878242296,-0.002271432745023101,-0.005370947502850007,0.00021621092343208692,2,0,3
2,0.8333333333333334,decay_uniform_grid_a5_6,5,0.0026815581332191945,0.012321862485797483,-0.009640304352578288,-0.017484730128469766,-0.0017958785766868123,2,0,3
2,1.0,decay_uniform_grid_a1,5,0.0026815581332191945,0.011828428624343468,-0.009146870491124273,-0.01900419617701052,-0.0005799711337875673,2,0,3
2,1.1666666666666667,decay_uniform_grid_a7_6,5,0.0026815581332191945,0.006086764594568539,-0.003405206461349344,-0.008760121032366196,0.0009939665892346478,2,0,3
2,1.3333333333333333,decay_uniform_grid_a4_3,5,0.0026815581332191945,0.0059036877112810015,-0.003222129578061806,-0.009214978674735464,0.0020989749445416775,3,0,2
2,1.5,decay_uniform_grid_a3_2,5,0.0026815581332191945,0.005718641743281315,-0.0030370836100621196,-0.006789055720701173,0.0007531954063739302,1,1,3
5,0.5,decay_uniform_grid_a1_2,5,0.02305489685552899,0.050080236873615326,-0.02702534001808633,-0.058135064948441985,0.004522977737494174,2,0,3
5,0.6666666666666666,decay_uniform_grid_a2_3,5,0.02305489685552899,0.041288843847053634,-0.01823394699152464,-0.032746920634359425,-0.002657168782895473,1,0,4
5,0.8333333333333334,decay_uniform_grid_a5_6,5,0.02305489685552899,0.022784719095704054,0.0002701777598249341,-0.009213722246516473,0.009754077766166342,2,0,3
5,1.0,decay_uniform_grid_a1,5,0.02305489685552899,0.025095084219939567,-0.0020401873644105813,-0.022141804484659036,0.01804444636696289,3,0,2
5,1.1666666666666667,decay_uniform_grid_a7_6,5,0.02305489685552899,0.01776915176314518,0.005285745092383806,-0.0065388391414268245,0.0147895370760492,4,0,1
5,1.3333333333333333,decay_uniform_grid_a4_3,5,0.02305489685552899,0.02635220666569113,-0.003297309810162142,-0.01338938764503507,0.007851222169091959,2,0,3
5,1.5,decay_uniform_grid_a3_2,5,0.02305489685552899,0.02856051840240161,-0.0055056215468726214,-0.015280166411568308,0.002321113637022033,1,1,3
10,0.5,decay_uniform_grid_a1_2,5,0.0894813233433304,0.07802704402331315,0.01145427932001725,-0.014783372061299935,0.03377336276501307,3,0,2
10,0.6666666666666666,decay_uniform_grid_a2_3,5,0.0894813233433304,0.05959166313297408,0.029889660210356328,0.00753191886950863,0.055925124720713294,4,0,1
10,0.8333333333333334,decay_uniform_grid_a5_6,5,0.0894813233433304,0.07951620923446956,0.009965114108860846,-0.03225308311091196,0.05109084011084486,3,0,2
10,1.0,decay_uniform_grid_a1,5,0.0894813233433304,0.09006853544847845,-0.0005872121051480426,-0.03531487679053061,0.03982947651935645,2,0,3
10,1.1666666666666667,decay_uniform_grid_a7_6,5,0.0894813233433304,0.10237086669317005,-0.012889543349839655,-0.0783944582037622,0.030629262486277925,3,0,2
10,1.3333333333333333,decay_uniform_grid_a4_3,5,0.0894813233433304,0.0895245608334098,-4.323749007938693e-05,-0.05452801105778845,0.04331385309604481,4,0,1
10,1.5,decay_uniform_grid_a3_2,5,0.0894813233433304,0.08983325578290613,-0.0003519324395757278,-0.04293892572045026,0.04077866738140939,2,1,2
20,0.5,decay_uniform_grid_a1_2,5,0.28154117077639335,0.1289128726939633,0.15262829808243006,0.02728245686461934,0.3459209110776944,4,0,1
20,0.6666666666666666,decay_uniform_grid_a2_3,5,0.28154117077639335,0.1308304888508469,0.15071068192554646,0.01016203349156109,0.358058459971926,4,0,1
20,0.8333333333333334,decay_uniform_grid_a5_6,5,0.28154117077639335,0.13112061426456417,0.15042055651182917,0.0027033837966477154,0.34848115042821953,4,0,1
20,1.0,decay_uniform_grid_a1,5,0.28154117077639335,0.14964709227560885,0.1318940785007845,-0.017737130190957278,0.36698971975432493,3,0,2
20,1.1666666666666667,decay_uniform_grid_a7_6,5,0.28154117077639335,0.16623584240272968,0.11530532837366367,-0.016274285982342613,0.3152391882413451,4,0,1
20,1.3333333333333333,decay_uniform_grid_a4_3,5,0.28154117077639335,0.1687985671019776,0.11274260367441576,-0.046545956371161226,0.34356456108143396,2,0,3
20,1.5,decay_uniform_grid_a3_2,5,0.28154117077639335,0.1851853707293519,0.09635580004704147,-0.04972051500151577,0.3060743821149628,2,1,2
30,0.5,decay_uniform_grid_a1_2,5,0.44345092944319103,0.20264073708674796,0.24081019235644305,-0.01652715476315213,0.5537575669587006,4,0,1
30,0.6666666666666666,decay_uniform_grid_a2_3,5,0.44345092944319103,0.22165621614242603,0.221794713300765,0.0021851840415018755,0.5015688671409799,4,0,1
30,0.8333333333333334,decay_uniform_grid_a5_6,5,0.44345092944319103,0.18639575337051556,0.2570551760726755,-0.015416256917378668,0.5948110367351659,4,0,1
30,1.0,decay_uniform_grid_a1,5,0.44345092944319103,0.2082145565037885,0.23523637293940253,-0.017836031630111288,0.5506601706155576,4,0,1
30,1.1666666666666667,decay_uniform_grid_a7_6,5,0.44345092944319103,0.2434196429138053,0.2000312865293857,-0.0769231125509793,0.562070896761427,4,0,1
30,1.3333333333333333,decay_uniform_grid_a4_3,5,0.44345092944319103,0.3471888175978871,0.0962621118453039,-0.2587847981436793,0.49657845304662446,3,0,2
30,1.5,decay_uniform_grid_a3_2,5,0.44345092944319103,0.3705266381390591,0.07292429130413194,-0.20691734745263948,0.4501818848575262,2,1,2
