objective,acquisition,beta_mode,policy,n_seeds,mean,median,std
bent_cigar_shifted_30d,logei,native,decay_greedy_packing_grid_a1_2,10,0.6485166233166098,0.6578093564425354,0.3220212447890469
bent_cigar_shifted_30d,logei,native,decay_uniform_grid_a1_2,10,0.15010403952885815,0.14341814614188164,0.049678414128494684
bent_cigar_shifted_30d,logei,native,standard,10,0.40482154631798073,0.4074360367478167,0.12780420530652903
bent_cigar_shifted_30d,mes_gumbel,native,decay_greedy_packing_grid_a1_2,10,0.13887172249282273,0.11985831437902894,0.04408012080484361
bent_cigar_shifted_30d,mes_gumbel,native,decay_uniform_grid_a1_2,10,0.06722753620996177,0.07074073026262895,0.021070136059777464
bent_cigar_shifted_30d,mes_gumbel,native,standard,10,0.06826188772661061,0.05445401834330135,0.03243432387151984
bent_cigar_shifted_30d,ts,logarithmic,decay_greedy_packing_grid_a1_2,10,0.051136406937423086,0.0510588082529386,0.016251537700761598
bent_cigar_shifted_30d,ts,logarithmic,decay_uniform_grid_a1_2,10,0.049430638399695304,0.051236330048732556,0.017559252170837668
bent_cigar_shifted_30d,ts,logarithmic,standard,10,0.053542342734148894,0.0505622327989626,0.017908069734476076
bent_cigar_shifted_30d,ucb,constant,decay_greedy_packing_grid_a1_2,10,1.0125953235107084,0.9161052368502232,0.2655496545077592
bent_cigar_shifted_30d,ucb,constant,decay_uniform_grid_a1_2,10,0.3491265176113595,0.30949686812103105,0.11392104015337406
bent_cigar_shifted_30d,ucb,constant,standard,10,0.8230567462172902,0.6869716091927376,0.5380875449201737
hartmann6_sparse_30d,logei,native,decay_greedy_packing_grid_a1_2,10,0.464310057403498,0.2368882360815549,0.7548464734554273
hartmann6_sparse_30d,logei,native,decay_uniform_grid_a1_2,10,0.23776286658683174,0.22146443963357895,0.13244225390893924
hartmann6_sparse_30d,logei,native,standard,10,2.611207075879359,3.1568007218063325,1.1501308913748605
hartmann6_sparse_30d,mes_gumbel,native,decay_greedy_packing_grid_a1_2,10,0.31224501948814887,0.30521825230244154,0.09564481500348762
hartmann6_sparse_30d,mes_gumbel,native,decay_uniform_grid_a1_2,10,0.23279276276711144,0.2392215524262173,0.15730026860900054
hartmann6_sparse_30d,mes_gumbel,native,standard,10,2.589263438385136,3.1568007218063325,1.1845539764111
hartmann6_sparse_30d,ts,logarithmic,decay_greedy_packing_grid_a1_2,10,2.2789678153577055,2.709115133517827,0.9482353417914711
hartmann6_sparse_30d,ts,logarithmic,decay_uniform_grid_a1_2,10,2.5381934654032148,2.9747933592580305,0.9640024634690695
hartmann6_sparse_30d,ts,logarithmic,standard,10,1.858870975645799,1.3357904983231914,1.0368215440390454
hartmann6_sparse_30d,ucb,constant,decay_greedy_packing_grid_a1_2,10,0.2586300303506982,0.05797724957348954,0.4579840870138243
hartmann6_sparse_30d,ucb,constant,decay_uniform_grid_a1_2,10,0.15806969378643315,0.10426717602446064,0.18575622668265993
hartmann6_sparse_30d,ucb,constant,standard,10,2.320555522837724,3.1568007218063325,1.3493771960573797
rosenbrock_mean_30d,logei,native,decay_greedy_packing_grid_a1_2,10,0.25884483445267603,0.22884931274938825,0.12711959776515336
rosenbrock_mean_30d,logei,native,decay_uniform_grid_a1_2,10,0.1140827334889051,0.1113184863245997,0.030262549837232533
rosenbrock_mean_30d,logei,native,standard,10,0.1654308840862784,0.1696810377333585,0.05947985787787923
rosenbrock_mean_30d,mes_gumbel,native,decay_greedy_packing_grid_a1_2,10,0.23373495148999854,0.23104651920890573,0.042508339340025736
rosenbrock_mean_30d,mes_gumbel,native,decay_uniform_grid_a1_2,10,0.16947067557035328,0.1448114743326548,0.05417425079435295
rosenbrock_mean_30d,mes_gumbel,native,standard,10,0.18735406896049572,0.16840193558786684,0.06499955068505422
rosenbrock_mean_30d,ts,logarithmic,decay_greedy_packing_grid_a1_2,10,0.0957678929693834,0.08696483250080625,0.018783717726610402
rosenbrock_mean_30d,ts,logarithmic,decay_uniform_grid_a1_2,10,0.07714372982076616,0.07902551352012285,0.009088295335436244
rosenbrock_mean_30d,ts,logarithmic,standard,10,0.0831349649513837,0.08010905732284875,0.013933572354649362
rosenbrock_mean_30d,ucb,constant,decay_greedy_packing_grid_a1_2,10,0.5331315930868926,0.4916474856652622,0.21398880127266884
rosenbrock_mean_30d,ucb,constant,decay_uniform_grid_a1_2,10,0.15176401678474266,0.1349124123611274,0.06036977126958599
rosenbrock_mean_30d,ucb,constant,standard,10,0.2030844192263877,0.17756748421359636,0.07884948440809078
