objective,acquisition,beta_mode,baseline_policy,candidate_policy,n_pairs,mean_difference_candidate_minus_baseline,bootstrap_ci95_lower,bootstrap_ci95_upper,candidate_wins,ties,candidate_losses
bent_cigar_shifted_30d,logei,native,standard,decay_uniform_grid_a1_2,10,-0.25471750678912264,-0.3397542981941612,-0.15940201600455733,9,0,1
bent_cigar_shifted_30d,logei,native,standard,decay_greedy_packing_grid_a1_2,10,0.3798511526766689,0.23938827495110734,0.5448786891677688,0,0,10
bent_cigar_shifted_30d,logei,native,decay_uniform_grid_a1_2,decay_greedy_packing_grid_a1_2,10,0.6345686594657916,0.47839266898484917,0.8048672949695114,0,0,10
bent_cigar_shifted_30d,mes_gumbel,native,standard,decay_uniform_grid_a1_2,10,-0.0010343515166488493,-0.02166330593258178,0.018807802767921034,5,0,5
bent_cigar_shifted_30d,mes_gumbel,native,standard,decay_greedy_packing_grid_a1_2,10,0.05062795346520353,0.02001143780956303,0.08044576790487447,2,0,8
bent_cigar_shifted_30d,mes_gumbel,native,decay_uniform_grid_a1_2,decay_greedy_packing_grid_a1_2,10,0.05166230498185238,0.030185818247494858,0.07512928703521358,0,0,10
bent_cigar_shifted_30d,ts,logarithmic,standard,decay_uniform_grid_a1_2,10,-0.004111704334453599,-0.013478322728811366,0.004135647774411113,6,0,4
bent_cigar_shifted_30d,ts,logarithmic,standard,decay_greedy_packing_grid_a1_2,10,0.01293793189460513,0.003742087210084609,0.02254526599678064,2,0,8
bent_cigar_shifted_30d,ts,logarithmic,decay_uniform_grid_a1_2,decay_greedy_packing_grid_a1_2,10,0.01704963622905873,0.0063794277571351254,0.027296021352713196,1,0,9
bent_cigar_shifted_30d,ucb,constant,standard,decay_uniform_grid_a1_2,10,-0.4739302286059307,-0.8028453602107267,-0.20265179688127355,9,0,1
bent_cigar_shifted_30d,ucb,constant,standard,decay_greedy_packing_grid_a1_2,10,0.3267152452466998,0.1927576195109569,0.4683010874992096,0,0,10
bent_cigar_shifted_30d,ucb,constant,decay_uniform_grid_a1_2,decay_greedy_packing_grid_a1_2,10,0.8006454738526305,0.5489559798043999,1.135563329643869,0,0,10
hartmann6_sparse_30d,logei,native,standard,decay_uniform_grid_a1_2,10,-2.373444209292528,-2.9359459128648067,-1.5799001109785116,10,0,0
hartmann6_sparse_30d,logei,native,standard,decay_greedy_packing_grid_a1_2,10,-2.280041797968115,-2.8985185281728336,-1.477703675585571,9,0,1
hartmann6_sparse_30d,logei,native,decay_uniform_grid_a1_2,decay_greedy_packing_grid_a1_2,10,0.09340241132441282,-0.06604555382696391,0.2741022881593687,4,0,6
hartmann6_sparse_30d,mes_gumbel,native,standard,decay_uniform_grid_a1_2,10,-2.356470675618025,-2.9584874664977625,-1.5292489225737427,10,0,0
hartmann6_sparse_30d,mes_gumbel,native,standard,decay_greedy_packing_grid_a1_2,10,-1.8068455685949136,-2.5252449541843416,-0.994118370950629,8,0,2
hartmann6_sparse_30d,mes_gumbel,native,decay_uniform_grid_a1_2,decay_greedy_packing_grid_a1_2,10,0.5496251070231111,0.196396638034667,1.0293161295460733,2,0,8
hartmann6_sparse_30d,ts,logarithmic,standard,decay_uniform_grid_a1_2,10,0.6793224897574157,-0.46566125041118733,1.6595152513868399,3,0,7
hartmann6_sparse_30d,ts,logarithmic,standard,decay_greedy_packing_grid_a1_2,10,0.19110791898455212,-0.784606257262972,1.0969087622850655,3,0,7
hartmann6_sparse_30d,ts,logarithmic,decay_uniform_grid_a1_2,decay_greedy_packing_grid_a1_2,10,-0.4882145707728635,-1.0979980338856932,0.08267264644541092,7,0,3
hartmann6_sparse_30d,ucb,constant,standard,decay_uniform_grid_a1_2,10,-2.162485829051291,-2.925413704344651,-1.2995202720925183,10,0,0
hartmann6_sparse_30d,ucb,constant,standard,decay_greedy_packing_grid_a1_2,10,-2.1054536676558473,-2.956819070918846,-1.1692640072125617,9,0,1
hartmann6_sparse_30d,ucb,constant,decay_uniform_grid_a1_2,decay_greedy_packing_grid_a1_2,10,0.05703216139544333,-0.12334569950851655,0.21826027800752523,3,0,7
rosenbrock_mean_30d,logei,native,standard,decay_uniform_grid_a1_2,10,-0.0513481505973733,-0.08957753423938249,-0.013206776786798833,8,0,2
rosenbrock_mean_30d,logei,native,standard,decay_greedy_packing_grid_a1_2,10,0.119520200377355,0.062381416248647265,0.18203812450085657,1,0,9
rosenbrock_mean_30d,logei,native,decay_uniform_grid_a1_2,decay_greedy_packing_grid_a1_2,10,0.1708683509747283,0.10413217979203726,0.24642697448527465,0,0,10
rosenbrock_mean_30d,mes_gumbel,native,standard,decay_uniform_grid_a1_2,10,-0.01788339339014246,-0.07663524930395324,0.0382239439411066,5,0,5
rosenbrock_mean_30d,mes_gumbel,native,standard,decay_greedy_packing_grid_a1_2,10,0.04967234231220842,-0.014615939149608709,0.122581950453917,3,0,7
rosenbrock_mean_30d,mes_gumbel,native,decay_uniform_grid_a1_2,decay_greedy_packing_grid_a1_2,10,0.06755573570235088,0.018807056175915358,0.11679172213208332,1,0,9
rosenbrock_mean_30d,ts,logarithmic,standard,decay_uniform_grid_a1_2,10,-0.00599123513061755,-0.012084151533826564,-0.00037437290256692575,7,0,3
rosenbrock_mean_30d,ts,logarithmic,standard,decay_greedy_packing_grid_a1_2,10,0.0020659951024981416,-0.006697617527714098,0.009495488984276525,3,0,7
rosenbrock_mean_30d,ts,logarithmic,decay_uniform_grid_a1_2,decay_greedy_packing_grid_a1_2,10,0.00805723023311569,0.0020707432828929407,0.014544011644254702,3,0,7
rosenbrock_mean_30d,ucb,constant,standard,decay_uniform_grid_a1_2,10,-0.05132040244164504,-0.10017385851523525,-0.014703910797010644,9,0,1
rosenbrock_mean_30d,ucb,constant,standard,decay_greedy_packing_grid_a1_2,10,0.21935602004477048,0.08852662675895784,0.3450816566997584,1,0,9
rosenbrock_mean_30d,ucb,constant,decay_uniform_grid_a1_2,decay_greedy_packing_grid_a1_2,10,0.27067642248641555,0.17438846235480074,0.36995301652760215,0,0,10
