objective,method,seed,final_regret,runtime
ackley_shifted_narrow_2d,MVR,9100,1.084304568586152,183.2410692407284
ackley_shifted_narrow_2d,MVR,9101,0.0328142283274281,185.64017901360057
ackley_shifted_narrow_2d,MVR,9102,0.0486605806701874,197.5012647178955
ackley_shifted_narrow_2d,MVR,9103,0.0355396120533946,190.726773428265
ackley_shifted_narrow_2d,MVR,9104,0.0224528532860226,200.9713684336748
ackley_shifted_narrow_2d,MVR,9105,0.2133124192928015,191.7214372411836
ackley_shifted_narrow_2d,MVR,9106,0.0457257185400408,189.29642999754287
ackley_shifted_narrow_2d,MVR,9107,0.0910306035681181,177.11148613481782
ackley_shifted_narrow_2d,MVR,9108,2.5820940672634336,158.95714997127652
ackley_shifted_narrow_2d,MVR,9109,0.0266913252487874,191.19457628275268
ackley_shifted_narrow_2d,MVR,9110,0.0146277433758612,193.44808087241836
ackley_shifted_narrow_2d,MVR,9111,0.0450824374196372,190.50504586403255
ackley_shifted_narrow_2d,MVR,9112,0.0219121863048421,192.77205087733455
ackley_shifted_narrow_2d,MVR,9113,0.0808882355523614,186.28192749805748
ackley_shifted_narrow_2d,MVR,9114,2.583791467742543,159.4340261996258
ackley_shifted_narrow_2d,Standard,9100,0.0716021164404949,187.2112800248433
ackley_shifted_narrow_2d,Standard,9101,0.0836085605907044,179.65599932940677
ackley_shifted_narrow_2d,Standard,9102,0.0490200442129378,167.81276791286655
ackley_shifted_narrow_2d,Standard,9103,0.1000307035669614,196.62398592336103
ackley_shifted_narrow_2d,Standard,9104,0.035064843504653,150.03049446106888
ackley_shifted_narrow_2d,Standard,9105,0.0677088464117936,129.03909772261977
ackley_shifted_narrow_2d,Standard,9106,0.0462001217950032,183.7036595863756
ackley_shifted_narrow_2d,Standard,9107,0.0612947053775378,174.6916331415996
ackley_shifted_narrow_2d,Standard,9108,0.0251722594252257,188.28949400712736
ackley_shifted_narrow_2d,Standard,9109,0.0859019535543197,156.18373502627946
ackley_shifted_narrow_2d,Standard,9110,0.0727638911872681,185.01109015219845
ackley_shifted_narrow_2d,Standard,9111,0.1095910433510169,126.9656031250488
ackley_shifted_narrow_2d,Standard,9112,0.0267346855690888,205.91611035028473
ackley_shifted_narrow_2d,Standard,9113,0.0735445121898941,201.52834187378176
ackley_shifted_narrow_2d,Standard,9114,0.0820370495394122,178.04889208753593
ackley_shifted_narrow_2d,Uniform,9100,0.0464124003075951,86.8781340175774
ackley_shifted_narrow_2d,Uniform,9101,0.0819273054497138,103.8286505821161
ackley_shifted_narrow_2d,Uniform,9102,0.0160641942516122,101.84358766674995
ackley_shifted_narrow_2d,Uniform,9103,0.0301692150358867,121.20552852051333
ackley_shifted_narrow_2d,Uniform,9104,0.0057420226675155,112.12041542981753
ackley_shifted_narrow_2d,Uniform,9105,0.0242573819153193,104.07731459080242
ackley_shifted_narrow_2d,Uniform,9106,0.0299869572273401,105.48530695936644
ackley_shifted_narrow_2d,Uniform,9107,0.0297945332247806,81.72216631425545
ackley_shifted_narrow_2d,Uniform,9108,0.012941017547547,99.0209115871694
ackley_shifted_narrow_2d,Uniform,9109,0.0268869025598519,121.01914111501536
ackley_shifted_narrow_2d,Uniform,9110,0.0531257127614708,79.5517967871856
ackley_shifted_narrow_2d,Uniform,9111,0.012230694754205,108.85774300387128
ackley_shifted_narrow_2d,Uniform,9112,0.0354811018818708,109.20382139808498
ackley_shifted_narrow_2d,Uniform,9113,0.0107092588495909,129.9855509407353
ackley_shifted_narrow_2d,Uniform,9114,0.0297485690436651,93.76258186926134
rastrigin_mean_rotated_shifted_2d,MVR,9100,0.5098448824187845,155.71781787578948
rastrigin_mean_rotated_shifted_2d,MVR,9101,0.0225065508791715,156.21950462949462
rastrigin_mean_rotated_shifted_2d,MVR,9102,2.087351223139068,150.28767470503226
rastrigin_mean_rotated_shifted_2d,MVR,9103,1.0041329854993322,163.98447733931243
rastrigin_mean_rotated_shifted_2d,MVR,9104,2.0078552618176513,157.37165985931642
rastrigin_mean_rotated_shifted_2d,MVR,9105,0.5186781165476528,145.64734854269773
rastrigin_mean_rotated_shifted_2d,MVR,9106,0.508217556912772,158.66513485834002
rastrigin_mean_rotated_shifted_2d,MVR,9107,0.501360864868932,143.95091165881604
rastrigin_mean_rotated_shifted_2d,MVR,9108,0.6394173191863288,144.41681411489844
rastrigin_mean_rotated_shifted_2d,MVR,9109,1.0023382443499145,159.81801831466146
rastrigin_mean_rotated_shifted_2d,MVR,9110,0.520135562807404,153.97658389993012
rastrigin_mean_rotated_shifted_2d,MVR,9111,0.4995687846251648,152.0589754714165
rastrigin_mean_rotated_shifted_2d,MVR,9112,0.0069149456570976,144.38202569028363
rastrigin_mean_rotated_shifted_2d,MVR,9113,0.5030992830938104,152.67176720523275
rastrigin_mean_rotated_shifted_2d,MVR,9114,0.9973408839425346,152.8022409372497
rastrigin_mean_rotated_shifted_2d,Standard,9100,0.9995179525931696,164.53455339255743
rastrigin_mean_rotated_shifted_2d,Standard,9101,0.5055775573497598,144.20227568480186
rastrigin_mean_rotated_shifted_2d,Standard,9102,2.496196882441883,151.79616690566763
rastrigin_mean_rotated_shifted_2d,Standard,9103,0.0122564181211917,135.6930176280439
rastrigin_mean_rotated_shifted_2d,Standard,9104,0.5166118653398186,135.03582277940586
rastrigin_mean_rotated_shifted_2d,Standard,9105,2.002983064373838,164.77427164488472
rastrigin_mean_rotated_shifted_2d,Standard,9106,0.5095084960200751,141.6951637531165
rastrigin_mean_rotated_shifted_2d,Standard,9107,0.5060466992505503,155.56539048068225
rastrigin_mean_rotated_shifted_2d,Standard,9108,0.5005077762998376,141.42166757327504
rastrigin_mean_rotated_shifted_2d,Standard,9109,0.0032732954629075,125.4739555218257
rastrigin_mean_rotated_shifted_2d,Standard,9110,0.5456217531438909,143.6096006850712
rastrigin_mean_rotated_shifted_2d,Standard,9111,0.5922138959659939,119.66653769277036
rastrigin_mean_rotated_shifted_2d,Standard,9112,0.0102021741566389,152.3020013005007
rastrigin_mean_rotated_shifted_2d,Standard,9113,0.5165896788078808,143.44731020811014
rastrigin_mean_rotated_shifted_2d,Standard,9114,0.5414077001511117,140.785353010986
rastrigin_mean_rotated_shifted_2d,Uniform,9100,0.996295662047782,82.13156025414355
rastrigin_mean_rotated_shifted_2d,Uniform,9101,1.0600655858194834,94.4599702549167
rastrigin_mean_rotated_shifted_2d,Uniform,9102,0.0001391492664417,84.77822717558593
rastrigin_mean_rotated_shifted_2d,Uniform,9103,0.501799178637576,105.35825941315852
rastrigin_mean_rotated_shifted_2d,Uniform,9104,0.0189704334894642,81.15188621310517
rastrigin_mean_rotated_shifted_2d,Uniform,9105,0.5015819639890804,87.90280872629955
rastrigin_mean_rotated_shifted_2d,Uniform,9106,0.0064129247624755,96.81770457304084
rastrigin_mean_rotated_shifted_2d,Uniform,9107,0.5029990489956155,72.0169858734589
rastrigin_mean_rotated_shifted_2d,Uniform,9108,0.5111283113835281,90.35212865797804
rastrigin_mean_rotated_shifted_2d,Uniform,9109,0.5071927981595525,99.02488448191434
rastrigin_mean_rotated_shifted_2d,Uniform,9110,0.498301924124668,78.06487221177667
rastrigin_mean_rotated_shifted_2d,Uniform,9111,0.5046727464859959,104.21492881700397
rastrigin_mean_rotated_shifted_2d,Uniform,9112,2.4954491880517535,96.10418097791262
rastrigin_mean_rotated_shifted_2d,Uniform,9113,0.0007145651989759,103.92703503090888
rastrigin_mean_rotated_shifted_2d,Uniform,9114,0.0002927160664114,80.06769463513047
