method,reference,metric,paired_mean_difference,bootstrap_ci95_lower,bootstrap_ci95_upper,wins,ties,losses
greedy_4x,standard,mean_return,79.68631610944362,36.51824896735796,126.48649147604954,12,0,3
greedy_4x,standard,episode_success_rate,0.2796666666666667,0.11966666666666669,0.4613333333333333,13,0,2
greedy_4x,standard,bottom_10pct_mean_return,167.88706241961825,93.28676731101652,247.60268106113435,13,0,2
greedy_4x,uniform,mean_return,12.009390755542643,-3.268261416827826,29.424645544827886,8,0,7
greedy_4x,uniform,episode_success_rate,0.025666666666666667,-0.016666666666666653,0.07533333333333332,7,0,8
greedy_4x,uniform,bottom_10pct_mean_return,41.43003391755371,-14.628023110629247,104.88348403138652,8,0,7
greedy_4x,greedy_current,mean_return,33.68985679190386,1.1333323530608495,72.10200816254243,9,0,6
greedy_4x,greedy_current,episode_success_rate,0.10333333333333335,0.002666666666666662,0.22433333333333336,9,1,5
greedy_4x,greedy_current,bottom_10pct_mean_return,75.45497961126588,-1.8203835364369927,167.4304041930378,9,0,6
greedy_current,standard,mean_return,45.996459317539774,-4.63570713388812,97.58829428704196,10,0,5
greedy_current,standard,episode_success_rate,0.17633333333333331,-0.010333333333333332,0.372,11,0,4
greedy_current,standard,bottom_10pct_mean_return,92.43208280835233,-2.5526088563848317,182.6860304303913,11,0,4
greedy_current,uniform,mean_return,-21.68046603636122,-59.88124013109061,13.746434507836524,7,0,8
greedy_current,uniform,episode_success_rate,-0.0776666666666667,-0.20233333333333334,0.03333333333333332,5,0,10
greedy_current,uniform,bottom_10pct_mean_return,-34.024945693712155,-123.2279265505576,52.904235819432884,5,0,10
