objective,dimension,seed,current_grid_regret,large_grid_regret,uniform_regret,large_improvement_over_current,large_improvement_over_uniform
ackley_shifted_narrow_10d,10,100,5.146117086246608,4.848846003151447,3.2134572999639808,0.29727108309516126,-1.6353887031874663
ackley_shifted_narrow_10d,10,101,1.51265694554181,1.717747617534826,1.664700495390587,-0.20509067199301612,-0.05304712214423901
ackley_shifted_narrow_10d,10,102,2.975453423666387,1.7858357305970998,2.874626223985583,1.1896176930692874,1.0887904933884833
ackley_shifted_narrow_10d,10,103,4.61697287521212,3.019212331898128,1.0687240121184658,1.597760543313992,-1.9504883197796623
ackley_shifted_narrow_10d,10,104,5.385798520755074,1.9346444718933213,1.899819916083466,3.4511540488617527,-0.03482455580985544
ackley_shifted_narrow_10d,10,105,5.662602850942072,1.7203898838658418,1.6733710600638005,3.9422129670762303,-0.047018823802041254
ackley_shifted_narrow_10d,10,106,5.3698865964807005,1.9220771690487979,2.5470256225396923,3.4478094274319027,0.6249484534908945
ackley_shifted_narrow_10d,10,107,5.046831248528971,5.291624569957758,3.9194618978253573,-0.24479332142878718,-1.3721626721324007
ackley_shifted_narrow_10d,10,108,4.590409150305021,4.498849508923374,2.4871023521111795,0.09155964138164663,-2.011747156812195
ackley_shifted_narrow_10d,10,109,6.175997587817541,4.670272244597168,2.671197331826452,1.505725343220373,-1.9990749127707161
ackley_shifted_narrow_10d,10,110,5.315026671703404,3.9520222360811985,1.9295417175958463,1.363004435622205,-2.0224805184853523
ackley_shifted_narrow_10d,10,111,4.867646527664931,2.381756975478332,2.252632221634812,2.485889552186599,-0.12912475384352007
ackley_shifted_narrow_10d,10,112,2.5386371877186953,4.088332848654588,1.8783515263541375,-1.5496956609358925,-2.2099813223004503
ackley_shifted_narrow_10d,10,113,2.0360164392558673,1.9005154170348675,2.040293491680078,0.1355010222209998,0.13977807464521064
ackley_shifted_narrow_10d,10,114,2.4909355826027735,1.9292485126962937,1.6802945579371453,0.5616870699064798,-0.2489539547591484
ackley_shifted_narrow_2d,2,100,0.19488510009249538,0.15248697180379978,0.08029461954773964,0.0423981282886956,-0.07219235225606013
ackley_shifted_narrow_2d,2,101,2.600749163546304,0.09933772304632882,0.08863634789834407,2.501411440499975,-0.010701375147984749
ackley_shifted_narrow_2d,2,102,0.08296895424965456,0.11348321867137301,0.051295191802015694,-0.03051426442171845,-0.062188026869357316
ackley_shifted_narrow_2d,2,103,0.17871067598051837,0.19116231031674502,0.0027403627528705954,-0.012451634336226647,-0.18842194756387443
ackley_shifted_narrow_2d,2,104,0.15063222865808612,2.5804950362682284,0.1394313968636034,-2.4298628076101423,-2.441063639404625
ackley_shifted_narrow_2d,2,105,0.1483873854343436,0.11476264240434375,0.036978090567593824,0.03362474302999985,-0.07778455183674993
ackley_shifted_narrow_2d,2,106,0.07023284212598924,0.09368439901901482,0.05455536003211492,-0.023451556893025582,-0.0391290389868999
ackley_shifted_narrow_2d,2,107,0.1313120332513158,0.17428472864951772,0.03458370679574685,-0.04297269539820192,-0.13970102185377087
ackley_shifted_narrow_2d,2,108,0.0632762510748428,2.5914874822576337,0.07737980964041213,-2.528211231182791,-2.5141076726172216
ackley_shifted_narrow_2d,2,109,0.10103095083115932,2.589511945893822,0.05958347924262597,-2.4884809950626625,-2.529928466651196
ackley_shifted_narrow_2d,2,110,2.6551794574380914,2.5906912562594364,0.08515239540518138,0.06448820117865495,-2.505538860854255
ackley_shifted_narrow_2d,2,111,2.661937674159578,0.23706130627686406,0.03604130042751308,2.424876367882714,-0.20102000584935098
ackley_shifted_narrow_2d,2,112,0.06910806920548396,0.05298291347611084,0.1555531521608735,0.01612515572937312,0.10257023868476267
ackley_shifted_narrow_2d,2,113,0.0769553590326808,2.58351704958039,0.032884361499689874,-2.5065616905477093,-2.5506326880807
ackley_shifted_narrow_2d,2,114,0.1441643176089329,0.25300771434729796,2.5848355519738675,-0.10884339673836507,2.3318278376265695
ackley_shifted_narrow_30d,30,100,6.909185401133829,5.864329731797326,4.183405626240468,1.0448556693365028,-1.6809241055568584
ackley_shifted_narrow_30d,30,101,5.873656992624138,6.586852085381484,5.66992125688067,-0.7131950927573456,-0.9169308285008135
ackley_shifted_narrow_30d,30,102,7.141443602292176,7.403408238326538,5.6358644755961045,-0.26196463603436193,-1.7675437627304333
ackley_shifted_narrow_30d,30,103,5.299766163496493,6.99958390394932,4.782989252271374,-1.6998177404528274,-2.216594651677946
ackley_shifted_narrow_30d,30,104,4.7803030952269445,6.063594812113216,5.586232482402867,-1.2832917168862714,-0.4773623297103491
ackley_shifted_narrow_30d,30,105,6.448316124795479,6.3894467727781965,4.4767859624273605,0.058869352017282495,-1.912660810350836
ackley_shifted_narrow_30d,30,106,5.618582796722585,6.579130425955359,4.378769915078205,-0.9605476292327744,-2.200360510877154
ackley_shifted_narrow_30d,30,107,5.119971112573829,4.578094025538665,5.9432242666799375,0.5418770870351644,1.365130241141273
ackley_shifted_narrow_30d,30,108,5.689933383080653,5.04755733831551,3.724054799809121,0.6423760447651432,-1.3235025385063892
ackley_shifted_narrow_30d,30,109,4.616041037224068,5.121163828090996,3.9569447235735566,-0.5051227908669276,-1.1642191045174393
ackley_shifted_narrow_30d,30,110,5.334250553357144,5.428917560925942,4.346828289738788,-0.09466700756879831,-1.0820892711871544
ackley_shifted_narrow_30d,30,111,7.133482707420546,5.948096105707105,5.416994996394084,1.1853866017134411,-0.5311011093130205
ackley_shifted_narrow_30d,30,112,4.92137038606694,5.2073378393872325,4.475198240760456,-0.2859674533202927,-0.7321395986267767
ackley_shifted_narrow_30d,30,113,6.406772796733314,7.5514621135630335,6.257797073323019,-1.1446893168297194,-1.2936650402400147
ackley_shifted_narrow_30d,30,114,4.869939856929019,3.769824097292858,3.1629837897092976,1.1001157596361608,-0.6068403075835604
rastrigin_mean_rotated_shifted_10d,10,100,3.0150675174708708,4.046644704515203,11.034646076869596,-1.0315771870443324,6.988001372354392
rastrigin_mean_rotated_shifted_10d,10,101,9.399659918868675,2.7395095890563637,9.399659918868675,6.6601503298123115,6.6601503298123115
rastrigin_mean_rotated_shifted_10d,10,102,10.316037770853466,11.64196588669163,11.64196588669163,-1.3259281158381633,0.0
rastrigin_mean_rotated_shifted_10d,10,103,2.153727099078658,4.226778238963521,5.772452832887401,-2.0730511398848632,1.5456745939238798
rastrigin_mean_rotated_shifted_10d,10,104,9.614423328713032,5.5305628352075304,11.373020857437012,4.083860493505502,5.842458022229482
rastrigin_mean_rotated_shifted_10d,10,105,3.7949387197339632,4.760042057425522,8.87677650115992,-0.9651033376915592,4.116734443734398
rastrigin_mean_rotated_shifted_10d,10,106,9.085391618859335,9.441469957156675,8.081884627506557,-0.3560783382973405,-1.359585329650118
rastrigin_mean_rotated_shifted_10d,10,107,4.653437190955291,6.623901761228941,10.601733254389282,-1.9704645702736503,3.977831493160341
rastrigin_mean_rotated_shifted_10d,10,108,7.216018442449946,5.8166045550948855,9.490770307601727,1.3994138873550606,3.674165752506841
rastrigin_mean_rotated_shifted_10d,10,109,3.157197001164789,3.964769106602737,7.100359696434618,-0.8075721054379477,3.1355905898318808
rastrigin_mean_rotated_shifted_10d,10,110,4.603477680267686,0.9718179659986987,11.210368835226689,3.631659714268987,10.23855086922799
rastrigin_mean_rotated_shifted_10d,10,111,10.205204995376675,1.4130303652294145,6.842596997910491,8.792174630147262,5.429566632681076
rastrigin_mean_rotated_shifted_10d,10,112,5.18763541860813,4.614250678588052,4.882322239190128,0.573384740020078,0.2680715606020767
rastrigin_mean_rotated_shifted_10d,10,113,8.548929850448038,8.548929850448038,8.548929850448038,0.0,0.0
rastrigin_mean_rotated_shifted_10d,10,114,7.041880761670063,6.175147294619842,7.97304232117942,0.8667334670502207,1.7978950265595781
rastrigin_mean_rotated_shifted_2d,2,100,0.013084127550238023,1.9928688385651867,0.007803953187934809,-1.9797847110149487,-1.985064885377252
rastrigin_mean_rotated_shifted_2d,2,101,0.16848303047292035,0.005662060830253779,2.490170668935347,0.16282096964266657,2.4845086081050933
rastrigin_mean_rotated_shifted_2d,2,102,2.585086532173376,2.6198559121859617,1.994080415672105,-0.03476938001258567,-0.6257754965138567
rastrigin_mean_rotated_shifted_2d,2,103,0.4987410069875242,4.03075590726746,0.5296173125396706,-3.532014900279936,-3.5011385947277898
rastrigin_mean_rotated_shifted_2d,2,104,2.550848222470502,2.509991513505457,0.9995169981257561,0.040856708965044675,-1.510474515379701
rastrigin_mean_rotated_shifted_2d,2,105,2.5355381828269667,0.4979978919711705,0.025281947551778927,2.0375402908557962,-0.4727159444193916
rastrigin_mean_rotated_shifted_2d,2,106,1.0137906867032083,1.0073188098762742,0.49865733474660345,0.006471876826934064,-0.5086614751296707
rastrigin_mean_rotated_shifted_2d,2,107,0.003669541292413925,0.0012315383971213123,1.0182317819802584,0.0024380028952926125,1.0170002435831371
rastrigin_mean_rotated_shifted_2d,2,108,0.5659746123858209,2.503388086883734,0.5088691362141198,-1.9374134744979132,-1.9945189506696144
rastrigin_mean_rotated_shifted_2d,2,109,1.012165064158399,0.9969803279683571,0.9968675556152498,0.015184736190041903,-0.00011277235310735989
rastrigin_mean_rotated_shifted_2d,2,110,2.5201322380365463,2.5125732389330455,0.0481559765393591,0.007558999103500774,-2.4644172623936864
rastrigin_mean_rotated_shifted_2d,2,111,0.5264674378860263,0.12802832734864644,0.5102542398591936,0.3984391105373799,0.38222591251054716
rastrigin_mean_rotated_shifted_2d,2,112,2.489020114166223,0.002145397800433102,0.4991933500868093,2.48687471636579,0.4970479522863762
rastrigin_mean_rotated_shifted_2d,2,113,1.0243488697866994,2.512397357110263,1.0152256527137773,-1.4880484873235638,-1.4971717043964858
rastrigin_mean_rotated_shifted_2d,2,114,1.0017818220000994,0.5037919173250653,0.5130781232865527,0.497989904675034,0.009286205961487326
rastrigin_mean_rotated_shifted_30d,30,100,8.05460841151917,15.675030822094936,12.631005877952706,-7.620422410575765,-3.0440249441422296
rastrigin_mean_rotated_shifted_30d,30,101,13.565539446350847,5.4036726599328135,8.42858553040066,8.161866786418035,3.0249128704678467
rastrigin_mean_rotated_shifted_30d,30,102,10.360778002656392,3.1273398563242023,11.87397605448522,7.23343814633219,8.746636198161019
rastrigin_mean_rotated_shifted_30d,30,103,13.663124814389874,11.9101470538475,13.663124814389874,1.7529777605423753,1.7529777605423753
rastrigin_mean_rotated_shifted_30d,30,104,11.087725631391047,14.737894743508132,13.46870980160347,-3.6501691121170854,-1.269184941904662
rastrigin_mean_rotated_shifted_30d,30,105,7.660779176114,3.475612301582965,13.76933006678892,4.185166874531035,10.293717765205955
rastrigin_mean_rotated_shifted_30d,30,106,12.970447734705187,12.970447734705187,14.453794201519509,0.0,1.4833464668143215
rastrigin_mean_rotated_shifted_30d,30,107,10.250174293388628,8.068066119220315,9.638579711348893,2.182108174168313,1.5705135921285773
rastrigin_mean_rotated_shifted_30d,30,108,10.057122433410486,8.69227862612027,8.06570510158966,1.3648438072902156,-0.6265735245306097
rastrigin_mean_rotated_shifted_30d,30,109,11.845901175164208,13.51501279287293,13.313701772547084,-1.6691116177087224,-0.20131102032584636
rastrigin_mean_rotated_shifted_30d,30,110,7.949766849120107,10.256918624792595,8.952415346065292,-2.307151775672488,-1.304503278727303
rastrigin_mean_rotated_shifted_30d,30,111,6.3178976593966825,7.576307653517153,13.928642046330912,-1.2584099941204707,6.352334392813759
rastrigin_mean_rotated_shifted_30d,30,112,12.215845636545309,3.9109121814929475,11.31063274648406,8.30493345505236,7.399720564991113
rastrigin_mean_rotated_shifted_30d,30,113,12.365023529973515,11.969930776172879,11.969788323035436,0.39509275380063613,-0.00014245313744254418
rastrigin_mean_rotated_shifted_30d,30,114,11.014869493218693,4.384463408402896,9.459859848080704,6.630406084815798,5.075396439677808
rosenbrock_mean_10d,10,100,0.333674632099008,0.3811896091491922,0.08407733844624098,-0.047514977050184204,-0.2971122707029512
rosenbrock_mean_10d,10,101,0.08946307244294849,0.052165424188001124,0.08733883958960721,0.037297648254947365,0.03517341540160609
rosenbrock_mean_10d,10,102,0.20747267770557673,0.24287952051192177,0.08254616737911323,-0.03540684280634504,-0.16033335313280855
rosenbrock_mean_10d,10,103,0.2885778349769302,0.26676351111603386,0.08944711026022287,0.021814323860896323,-0.177316400855811
rosenbrock_mean_10d,10,104,0.1052803374378589,0.22182618703896953,0.09327583267747153,-0.11654584960111063,-0.128550354361498
rosenbrock_mean_10d,10,105,0.4974365050102167,0.5558818769063749,0.16105964566954598,-0.05844537189615823,-0.3948222312368289
rosenbrock_mean_10d,10,106,0.21812935764638933,0.1535319623502577,0.143782488789824,0.06459739529613162,-0.009749473560433708
rosenbrock_mean_10d,10,107,0.09659244129900518,0.4645466455116582,0.059073066263100736,-0.367954204212653,-0.4054735792485575
rosenbrock_mean_10d,10,108,0.14668572941796051,0.14897428048127057,0.06123820005653571,-0.0022885510633100514,-0.08773608042473485
rosenbrock_mean_10d,10,109,0.16468288887558066,0.15034614474392932,0.1215265956322465,0.014336744131651341,-0.028819549111682816
rosenbrock_mean_10d,10,110,0.2419569686866912,0.2102108506117092,0.052438753185390735,0.03174611807498201,-0.15777209742631845
rosenbrock_mean_10d,10,111,0.06302764859217543,0.07875847282991569,0.08664281913367082,-0.015730824237740262,0.007884346303755133
rosenbrock_mean_10d,10,112,0.13494487412815875,0.05771167241947973,0.10053455750254654,0.07723320170867903,0.042822885083066815
rosenbrock_mean_10d,10,113,0.0859360891957873,0.0888054052418319,0.0377071553186183,-0.0028693160460446093,-0.05109824992321361
rosenbrock_mean_10d,10,114,0.3131981965692931,0.1776867497687359,0.03712858404054881,0.13551144680055718,-0.1405581657281871
rosenbrock_mean_2d,2,100,0.00622708455343819,0.011830391446542408,0.023117501447877255,-0.005603306893104218,0.011287110001334847
rosenbrock_mean_2d,2,101,0.018502075078223212,0.016635725203540768,0.024037834446360328,0.0018663498746824443,0.00740210924281956
rosenbrock_mean_2d,2,102,0.025775709333646965,0.007377114863065049,0.033410313977646336,0.018398594470581918,0.02603319911458129
rosenbrock_mean_2d,2,103,0.001668853250022559,0.051165486993086644,0.01581357730594314,-0.04949663374306409,-0.0353519096871435
rosenbrock_mean_2d,2,104,0.019114651389200033,0.010659729455752092,0.003343712546085991,0.008454921933447941,-0.007316016909666101
rosenbrock_mean_2d,2,105,0.00034497058868914187,0.003565621798076449,0.009355475089316159,-0.003220651209387307,0.0057898532912397105
rosenbrock_mean_2d,2,106,0.004274222515376866,0.029031666752965167,0.0018689685007531427,-0.0247574442375883,-0.027162698252212025
rosenbrock_mean_2d,2,107,0.00711520619315551,0.002011697573107159,0.001102337542395382,0.005103508620048351,-0.0009093600307117772
rosenbrock_mean_2d,2,108,0.0050067831401441965,0.03644932971758892,0.0075012389133620235,-0.031442546577444726,-0.028948090804226896
rosenbrock_mean_2d,2,109,0.016887704126165817,0.0007452108695226475,0.0035969074903099314,0.01614249325664317,0.002851696620787284
rosenbrock_mean_2d,2,110,0.02299926355105356,0.005582842250504122,0.018752586487279392,0.017416421300549437,0.01316974423677527
rosenbrock_mean_2d,2,111,0.02213384614551387,0.017524520764048323,0.0874107243181854,0.004609325381465548,0.06988620355413708
rosenbrock_mean_2d,2,112,0.00036061623108824014,0.0006159935033028467,0.006526875169065141,-0.00025537727221460653,0.005910881665762294
rosenbrock_mean_2d,2,113,0.0024489837331683304,0.015042720757742987,0.015837600321799705,-0.012593737024574657,0.0007948795640567181
rosenbrock_mean_2d,2,114,0.003606728202312839,0.029740344757100648,0.015150506207139109,-0.026133616554787808,-0.014589838549961539
rosenbrock_mean_30d,30,100,0.9587327917331359,0.6872131034695476,0.27273955365818076,0.2715196882635883,-0.4144735498113668
rosenbrock_mean_30d,30,101,0.444594279434381,0.6107837865334705,0.35798423066367646,-0.16618950709908953,-0.2527995558697941
rosenbrock_mean_30d,30,102,0.5540506082678496,0.5883544156783423,0.3318192908468983,-0.03430380741049277,-0.25653512483144403
rosenbrock_mean_30d,30,103,0.5787095271528842,1.058912853197615,0.30091796811615823,-0.4802033260447309,-0.7579948850814568
rosenbrock_mean_30d,30,104,0.5275127774534785,0.4496611124649783,0.25205238180693057,0.07785166498850016,-0.19760873065804774
rosenbrock_mean_30d,30,105,0.5909772554966789,0.5222224661032867,0.3220340217933599,0.06875478939339219,-0.20018844430992683
rosenbrock_mean_30d,30,106,0.45081120868735497,0.4089669126827173,0.3297034267287933,0.04184429600463768,-0.07926348595392396
rosenbrock_mean_30d,30,107,0.6365427306811815,0.6038584068991077,0.38081984214597675,0.032684323782073754,-0.223038564753131
rosenbrock_mean_30d,30,108,0.1984263825869557,0.23228354082142252,0.43158409335942866,-0.03385715823446683,0.19930055253800613
rosenbrock_mean_30d,30,109,0.5240706133596383,0.7264713373898242,0.46364529501683016,-0.20240072403018583,-0.262826042372994
rosenbrock_mean_30d,30,110,0.8372167660074701,0.8928312035970924,0.23906058388023033,-0.05561443758962237,-0.6537706197168621
rosenbrock_mean_30d,30,111,0.5689262926809829,0.873574606295745,0.2825637663414034,-0.3046483136147621,-0.5910108399543417
rosenbrock_mean_30d,30,112,0.19632374423248705,0.37295038472892406,0.309144037556346,-0.176626640496437,-0.06380634717257805
rosenbrock_mean_30d,30,113,0.4667017948080161,0.3110709234273875,0.29291525505713883,0.1556308713806286,-0.01815566837024868
rosenbrock_mean_30d,30,114,0.5341280216425358,0.6077643400555995,0.2408306627156339,-0.07363631841306373,-0.3669336773399656
