objective,dimension,comparison,seeds,mean_regret_improvement,bootstrap_ci95_lower,bootstrap_ci95_upper,wins_ties_losses
ackley_shifted_narrow_10d,10,large_improvement_over_current,15,1.2046408782019289,0.44521495228744146,1.9838984884959041,12/0/3
ackley_shifted_narrow_10d,10,large_improvement_over_uniform,15,-0.7907183862868306,-1.3334688615120165,-0.2350332831631429,3/0/12
ackley_shifted_narrow_2d,2,large_improvement_over_current,15,-0.33922841570542867,-1.155043854181124,0.47725371362769514,6/0/9
ackley_shifted_narrow_2d,2,large_improvement_over_uniform,15,-0.7265341047773809,-1.3898054699593505,-0.056575706710882606,2/0/13
ackley_shifted_narrow_30d,30,large_improvement_over_current,15,-0.15838552462970826,-0.6012227867082214,0.2849659122242885,6/0/9
ackley_shifted_narrow_30d,30,large_improvement_over_uniform,15,-1.1027202485491647,-1.5075397130887471,-0.6361534777679863,1/0/14
rastrigin_mean_rotated_shifted_10d,10,large_improvement_over_current,15,1.1651734978461044,-0.28948457322370363,2.8568428282798974,7/1/7
rastrigin_mean_rotated_shifted_10d,10,large_improvement_over_uniform,15,3.487673690464942,1.9505019416476805,5.086212814613464,12/2/1
rastrigin_mean_rotated_shifted_2d,2,large_improvement_over_current,15,-0.22105704247143113,-0.9865070629833752,0.5060021023233472,10/0/5
rastrigin_mean_rotated_shifted_2d,2,large_improvement_over_uniform,15,-0.6779988452609277,-1.412472951863383,0.06523765883379026,5/0/10
rastrigin_mean_rotated_shifted_30d,30,large_improvement_over_current,15,1.5803712621837618,-0.7069106307331721,3.8338767935814184,9/1/5
rastrigin_mean_rotated_shifted_30d,30,large_improvement_over_uniform,15,2.616921059202312,0.7128853245485463,4.640964729324361,9/0/6
rosenbrock_mean_10d,10,large_improvement_over_current,15,-0.017614603919046744,-0.08022733190813587,0.03068964295951763,7/0/8
rosenbrock_mean_10d,10,large_improvement_over_uniform,15,-0.1302307439283065,-0.20310378909257404,-0.06330501848244859,3/0/12
rosenbrock_mean_2d,2,large_improvement_over_current,15,-0.005434113244983126,-0.015570476842930472,0.0037169015325843155,7/0/8
rosenbrock_mean_2d,2,large_improvement_over_uniform,15,0.0019231842038381465,-0.009613810584347656,0.015087231216605162,9/0/6
rosenbrock_mean_30d,30,large_improvement_over_current,15,-0.058612973274668696,-0.1522681212825942,0.03216411872857401,6/0/9
rosenbrock_mean_30d,30,large_improvement_over_uniform,15,-0.2759403322438717,-0.40222895327744596,-0.15540297895549762,1/0/14
