task,acquisition,policy,n_seeds,mean,median,std,minimum,maximum
iaml_super_40981,logei,decay_uniform_a1,30,0.13426820486783972,0.1342681944370269,5.71319148377941e-08,0.1342681944370269,0.134268507361412
iaml_super_40981,logei,decay_uniform_grid_a1_2,30,0.1384525666634241,0.1342681944370269,0.022918750573958587,0.1342681944370269,0.2597993612289428
iaml_super_40981,logei,fixed_p020,30,0.13985394140084575,0.1342681944370269,0.030594396125995883,0.1342681944370269,0.301840603351593
iaml_super_40981,logei,standard,30,0.13981906572977693,0.1342681944370269,0.03040325600461229,0.1342681944370269,0.300793707370758
iaml_super_40981,mes_gumbel,decay_uniform_a1,30,0.13426820486783972,0.1342681944370269,5.71319148377941e-08,0.1342681944370269,0.134268507361412
iaml_super_40981,mes_gumbel,decay_uniform_grid_a1_2,30,0.13845257709423692,0.1342681944370269,0.02291874860396369,0.1342681944370269,0.2597993612289428
iaml_super_40981,mes_gumbel,fixed_p020,30,0.1342681944370269,0.1342681944370269,0.0,0.1342681944370269,0.1342681944370269
iaml_super_40981,mes_gumbel,standard,30,0.1342681944370269,0.1342681944370269,0.0,0.1342681944370269,0.1342681944370269
iaml_super_40981,ts,decay_uniform_a1,30,0.19686644772688544,0.17840693891048431,0.061959070257359986,0.1342873722314834,0.3048340678215027
iaml_super_40981,ts,decay_uniform_grid_a1_2,30,0.1783854136864344,0.15608504414558405,0.053626767858655756,0.134335309267044,0.3121252059936523
iaml_super_40981,ts,fixed_p020,30,0.18877397725979483,0.16517741233110422,0.05643855947740696,0.1343167573213577,0.3109471797943115
iaml_super_40981,ts,standard,30,0.19481354653835295,0.15864738821983337,0.06849458222107897,0.1342753022909164,0.3125810921192169
iaml_super_40981,ucb,decay_uniform_a1,30,0.13426820486783972,0.1342681944370269,5.7131914837288367e-08,0.1342681944370269,0.134268507361412
iaml_super_40981,ucb,decay_uniform_grid_a1_2,30,0.1342681944370269,0.1342681944370269,0.0,0.1342681944370269,0.1342681944370269
iaml_super_40981,ucb,fixed_p020,30,0.1342681944370269,0.1342681944370269,0.0,0.1342681944370269,0.1342681944370269
iaml_super_40981,ucb,standard,30,0.1342681944370269,0.1342681944370269,0.0,0.1342681944370269,0.1342681944370269
iaml_super_41146,logei,decay_uniform_a1,30,0.14089108308156326,0.1342681944370269,0.009528880982962427,0.1342681944370269,0.1550666093826294
iaml_super_41146,logei,decay_uniform_grid_a1_2,30,0.13947615226109816,0.1342681944370269,0.009695435624049268,0.1342681944370269,0.1617772430181503
iaml_super_41146,logei,fixed_p020,30,0.14155662109454467,0.1342681944370269,0.00985901986778755,0.1342681944370269,0.1589674800634384
iaml_super_41146,logei,standard,30,0.14505419582128523,0.1538647562265396,0.01032361621625764,0.1342681944370269,0.1589674800634384
iaml_super_41146,mes_gumbel,decay_uniform_a1,30,0.13958240846792852,0.1342681944370269,0.00896914392492519,0.1342681944370269,0.155527114868164
iaml_super_41146,mes_gumbel,decay_uniform_grid_a1_2,30,0.13771881312131876,0.1342681944370269,0.007677054860137884,0.1342681944370269,0.155527114868164
iaml_super_41146,mes_gumbel,fixed_p020,30,0.13779968768358222,0.1342681944370269,0.008091438662591915,0.1342681944370269,0.1589674800634384
iaml_super_41146,mes_gumbel,standard,30,0.1382154037555058,0.1342681944370269,0.008029877056192066,0.1342681944370269,0.1542832106351852
iaml_super_41146,ts,decay_uniform_a1,30,0.1439463873704274,0.1350358128547668,0.01346053087869182,0.1342681944370269,0.1772001534700393
iaml_super_41146,ts,decay_uniform_grid_a1_2,30,0.13869786212841664,0.1342681944370269,0.01121444031911037,0.1342681944370269,0.1753608882427215
iaml_super_41146,ts,fixed_p020,30,0.14712158540884648,0.13679187744855875,0.01603788470955296,0.1342681944370269,0.1782337427139282
iaml_super_41146,ts,standard,30,0.14899152070283883,0.1460875868797302,0.015100650091670819,0.1342681944370269,0.1775088012218475
iaml_super_41146,ucb,decay_uniform_a1,30,0.1382433007160822,0.1342681944370269,0.00808662127070128,0.1342681944370269,0.1542832106351852
iaml_super_41146,ucb,decay_uniform_grid_a1_2,30,0.14022615353266393,0.1342681944370269,0.009341821426951393,0.1342681944370269,0.1589674800634384
iaml_super_41146,ucb,fixed_p020,30,0.13827119767665855,0.1342681944370269,0.00814287120501029,0.1342681944370269,0.1542832106351852
iaml_super_41146,ucb,standard,30,0.13892441640297562,0.1342681944370269,0.008584706499029529,0.1342681944370269,0.1542832106351852
