task,acquisition,candidate_policy,baseline_policy,n_seeds,mean_improvement_standard_minus_candidate,bootstrap_ci95_low,bootstrap_ci95_high,candidate_wins,candidate_losses,ties
iaml_super_40981,logei,decay_uniform_a1,standard,30,0.005550860861937207,0.0,0.016652572154998782,2,0,28
iaml_super_40981,logei,decay_uniform_grid_a1_2,standard,30,0.0013664990663528461,-0.012553095817565918,0.016652572154998782,3,1,26
iaml_super_40981,logei,fixed_p020,standard,30,-3.487567106882731e-05,-0.01675719916820527,0.016652551293373112,2,1,27
iaml_super_40981,mes_gumbel,decay_uniform_a1,standard,30,-1.0430812836618545e-08,-3.1292438509855634e-08,0.0,0,1,29
iaml_super_40981,mes_gumbel,decay_uniform_grid_a1_2,standard,30,-0.004184382657210034,-0.012553137540817265,0.0,0,2,28
iaml_super_40981,mes_gumbel,fixed_p020,standard,30,0.0,0.0,0.0,0,0,30
iaml_super_40981,ts,decay_uniform_a1,standard,30,-0.002052901188532506,-0.028300059400498873,0.024602328203618535,13,15,2
iaml_super_40981,ts,decay_uniform_grid_a1_2,standard,30,0.016428132851918537,-0.015314556844532496,0.04721765585243702,18,11,1
iaml_super_40981,ts,fixed_p020,standard,30,0.006039569278558092,-0.026447307194272678,0.03864522696783146,14,15,1
iaml_super_40981,ucb,decay_uniform_a1,standard,30,-1.0430812836618545e-08,-3.1292438509855634e-08,0.0,0,1,29
iaml_super_40981,ucb,decay_uniform_grid_a1_2,standard,30,0.0,0.0,0.0,0,0,30
iaml_super_40981,ucb,fixed_p020,standard,30,0.0,0.0,0.0,0,0,30
iaml_super_41146,logei,decay_uniform_a1,standard,30,0.004163112739721956,-7.864695042371025e-05,0.008383824254075727,11,5,14
iaml_super_41146,logei,decay_uniform_grid_a1_2,standard,30,0.005578043560187049,0.0011502536013722547,0.00990599192678932,13,4,13
iaml_super_41146,logei,fixed_p020,standard,30,0.003497574726740538,-0.0012771353498101242,0.008245999577144822,11,8,11
iaml_super_41146,mes_gumbel,decay_uniform_a1,standard,30,-0.0013670047124226888,-0.00532816251118979,0.0026029462615649035,4,7,19
iaml_super_41146,mes_gumbel,decay_uniform_grid_a1_2,standard,30,0.0004965906341870654,-0.0022729249795277995,0.0032594233751297125,3,6,21
iaml_super_41146,mes_gumbel,fixed_p020,standard,30,0.0004157160719235784,-0.003042324880758927,0.003831179440021529,4,5,21
iaml_super_41146,ts,decay_uniform_a1,standard,30,0.005045133332411457,-0.0010191029806931673,0.011019066025813434,17,7,6
iaml_super_41146,ts,decay_uniform_grid_a1_2,standard,30,0.010293658574422215,0.0028746898720662106,0.01743054104348025,21,6,3
iaml_super_41146,ts,fixed_p020,standard,30,0.0018699352939923687,-0.005311231873929505,0.009034338581065341,14,12,4
iaml_super_41146,ucb,decay_uniform_a1,standard,30,0.0006811156868934622,-0.002001501619815829,0.0033776814738909395,4,2,24
iaml_super_41146,ucb,decay_uniform_grid_a1_2,standard,30,-0.0013017371296882704,-0.0053302128861348,0.0027060438816746027,4,8,18
iaml_super_41146,ucb,fixed_p020,standard,30,0.0006532187263170906,-0.0013622313737869244,0.0026686688264211055,2,2,26
