task,dimension,acquisition,beta_mode,baseline_policy,candidate_policy,n_pairs,mean_difference_candidate_minus_baseline,bootstrap_ci95_lower,bootstrap_ci95_upper,candidate_wins,ties,candidate_losses
iaml_super_40981,28,logei,native,standard,decay_uniform_grid_a1_2,15,-0.03152283430099488,-0.06518384814262392,0.0,3,12,0
iaml_super_40981,28,logei,native,standard,decay_greedy_packing_grid_a1_2,15,-0.03152283430099488,-0.06536180377006531,0.0,3,12,0
iaml_super_40981,28,logei,native,decay_uniform_grid_a1_2,decay_greedy_packing_grid_a1_2,15,0.0,0.0,0.0,0,15,0
iaml_super_40981,28,mes_gumbel,native,standard,decay_uniform_grid_a1_2,15,0.0,0.0,0.0,0,15,0
iaml_super_40981,28,mes_gumbel,native,standard,decay_greedy_packing_grid_a1_2,15,0.0,0.0,0.0,0,15,0
iaml_super_40981,28,mes_gumbel,native,decay_uniform_grid_a1_2,decay_greedy_packing_grid_a1_2,15,0.0,0.0,0.0,0,15,0
iaml_super_40981,28,ts,logarithmic,standard,decay_uniform_grid_a1_2,15,0.0028349151213963994,-0.03968275884787238,0.040406146546204905,5,0,10
iaml_super_40981,28,ts,logarithmic,standard,decay_greedy_packing_grid_a1_2,15,-0.03835809230804442,-0.0704410919547081,-0.01085129988690217,9,0,6
iaml_super_40981,28,ts,logarithmic,decay_uniform_grid_a1_2,decay_greedy_packing_grid_a1_2,15,-0.041193007429440834,-0.06560300243397554,-0.018488951548933992,12,1,2
iaml_super_40981,28,ucb,constant,standard,decay_uniform_grid_a1_2,15,0.0,0.0,0.0,0,15,0
iaml_super_40981,28,ucb,constant,standard,decay_greedy_packing_grid_a1_2,15,0.0,0.0,0.0,0,15,0
iaml_super_40981,28,ucb,constant,decay_uniform_grid_a1_2,decay_greedy_packing_grid_a1_2,15,0.0,0.0,0.0,0,15,0
iaml_super_41146,28,logei,native,standard,decay_uniform_grid_a1_2,15,-0.0074825276931127175,-0.013655237356821736,-0.0021126141150792552,6,8,1
iaml_super_41146,28,logei,native,standard,decay_greedy_packing_grid_a1_2,15,-0.009129146734873483,-0.015049654245376628,-0.0037232945362726958,7,8,0
iaml_super_41146,28,logei,native,decay_uniform_grid_a1_2,decay_greedy_packing_grid_a1_2,15,-0.0016466190417607663,-0.004939857125282299,0.0,1,14,0
iaml_super_41146,28,mes_gumbel,native,standard,decay_uniform_grid_a1_2,15,-0.0021545718113581414,-0.009354032079378783,0.0042517840862274225,3,10,2
iaml_super_41146,28,mes_gumbel,native,standard,decay_greedy_packing_grid_a1_2,15,-0.004569223523139961,-0.010406452417373677,0.00033694406350454065,3,11,1
iaml_super_41146,28,mes_gumbel,native,decay_uniform_grid_a1_2,decay_greedy_packing_grid_a1_2,15,-0.0024146517117818195,-0.006500581900278733,0.0006738881270090813,2,12,1
iaml_super_41146,28,ts,logarithmic,standard,decay_uniform_grid_a1_2,15,-0.002765721082687367,-0.011237713967760394,0.004802278727293029,9,3,3
iaml_super_41146,28,ts,logarithmic,standard,decay_greedy_packing_grid_a1_2,15,-0.011588830749193844,-0.01943980596959594,-0.0049383535732825685,11,4,0
iaml_super_41146,28,ts,logarithmic,decay_uniform_grid_a1_2,decay_greedy_packing_grid_a1_2,15,-0.008823109666506478,-0.016000626782576285,-0.0022908572355906354,8,5,2
iaml_super_41146,28,ucb,constant,standard,decay_uniform_grid_a1_2,15,-0.0025578449169794794,-0.00789518256982169,0.0026965657869974773,3,10,2
iaml_super_41146,28,ucb,constant,standard,decay_greedy_packing_grid_a1_2,15,-0.005232410629590353,-0.010438580686847384,-0.0011814142018556505,4,9,2
iaml_super_41146,28,ucb,constant,decay_uniform_grid_a1_2,decay_greedy_packing_grid_a1_2,15,-0.002674565712610873,-0.006837525963783273,0.00015348295370739377,2,11,2
