task,dimension,acquisition,beta_mode,policy,seed,exploration_rule,decay_exponent,bo_steps,actual_pe_calls,expected_pe_calls,realized_pe_fraction,first_pe_round,last_pe_round,mode_transitions,final_best_observed_loss,final_max_posterior_std,final_mean_posterior_std,final_q90_posterior_std,final_query_preselection_posterior_std
iaml_super_40981,28,logei,native,decay_greedy_packing_grid_a1_2,35,greedy_packing,0.5,190,101,94.00724143492789,0.531578947368421,2,189,108,0.13426819443702698,0.1276698985406095,0.09640261092902593,0.10860147212726515,0.11790502378437803
iaml_super_40981,28,logei,native,decay_greedy_packing_grid_a1_2,36,greedy_packing,0.5,190,98,94.00724143492789,0.5157894736842106,1,190,88,0.13426819443702698,0.13065424065980896,0.0926517001201151,0.10403964813770648,0.11860628231167636
iaml_super_40981,28,logei,native,decay_greedy_packing_grid_a1_2,37,greedy_packing,0.5,190,103,94.00724143492789,0.5421052631578948,1,189,89,0.13426819443702698,0.1283626151094693,0.09752463898749314,0.10967815244048368,0.1539096045140723
iaml_super_40981,28,logei,native,decay_greedy_packing_grid_a1_2,38,greedy_packing,0.5,190,106,94.00724143492789,0.5578947368421052,1,190,96,0.13426819443702698,0.14577032984498522,0.11127972393296753,0.1249700545858291,0.12837561788446414
iaml_super_40981,28,logei,native,decay_greedy_packing_grid_a1_2,39,greedy_packing,0.5,190,93,94.00724143492789,0.48947368421052634,2,189,94,0.13426819443702698,0.13289140190667958,0.09672075355705331,0.10885767297376063,0.12472031015010195
iaml_super_40981,28,logei,native,decay_greedy_packing_grid_a1_2,40,greedy_packing,0.5,190,95,94.00724143492789,0.5,2,190,85,0.13426819443702698,0.12465097710034373,0.09738730850358873,0.10970675900399836,0.1202833891907605
iaml_super_40981,28,logei,native,decay_greedy_packing_grid_a1_2,41,greedy_packing,0.5,190,90,94.00724143492789,0.47368421052631576,1,190,92,0.13426819443702698,0.10757779629628676,0.07934331564065564,0.08953231295804578,0.10775707289193973
iaml_super_40981,28,logei,native,decay_greedy_packing_grid_a1_2,42,greedy_packing,0.5,190,95,94.00724143492789,0.5,1,189,97,0.13426819443702698,0.1255046688303188,0.09430289189269278,0.10638536677140799,0.13141131696215197
iaml_super_40981,28,logei,native,decay_greedy_packing_grid_a1_2,43,greedy_packing,0.5,190,106,94.00724143492789,0.5578947368421052,3,189,76,0.13426819443702698,0.14045412553851647,0.10459596834075277,0.11766043069580127,0.13225042195368053
iaml_super_40981,28,logei,native,decay_greedy_packing_grid_a1_2,44,greedy_packing,0.5,190,98,94.00724143492789,0.5157894736842106,2,187,94,0.13426819443702698,0.13293860691848786,0.10239638192855399,0.11497998171195377,0.1280475438137801
iaml_super_40981,28,logei,native,decay_greedy_packing_grid_a1_2,45,greedy_packing,0.5,190,97,94.00724143492789,0.5105263157894737,1,190,88,0.13426819443702698,0.11470516262690074,0.08455066746832465,0.09498214417830216,0.10750253379602782
iaml_super_40981,28,logei,native,decay_greedy_packing_grid_a1_2,46,greedy_packing,0.5,190,89,94.00724143492789,0.46842105263157896,2,190,93,0.13426819443702698,0.12111086192531766,0.0926701311024134,0.10423310875656008,0.11313413309493651
iaml_super_40981,28,logei,native,decay_greedy_packing_grid_a1_2,47,greedy_packing,0.5,190,86,94.00724143492789,0.45263157894736844,2,189,102,0.13426819443702698,0.143351114626006,0.10929552048561178,0.12279166043430756,0.15480570816755987
iaml_super_40981,28,logei,native,decay_greedy_packing_grid_a1_2,48,greedy_packing,0.5,190,90,94.00724143492789,0.47368421052631576,1,186,85,0.13426819443702698,0.12124590555281994,0.09130757416199264,0.10280193966773722,0.15001655145838552
iaml_super_40981,28,logei,native,decay_greedy_packing_grid_a1_2,49,greedy_packing,0.5,190,100,94.00724143492789,0.5263157894736842,2,188,92,0.13426819443702698,0.14650293455156377,0.1083545709035898,0.12162541730223211,0.1954679246872678
iaml_super_40981,28,logei,native,decay_uniform_grid_a1_2,35,uniform,0.5,190,101,94.00724143492789,0.531578947368421,2,189,108,0.13426819443702698,0.18151797320182647,0.1294423932759931,0.146951803306793,0.18415342386444114
iaml_super_40981,28,logei,native,decay_uniform_grid_a1_2,36,uniform,0.5,190,98,94.00724143492789,0.5157894736842106,1,190,88,0.13426819443702698,0.1969827477288678,0.1408370635705909,0.15990076153403351,0.12796400785426112
iaml_super_40981,28,logei,native,decay_uniform_grid_a1_2,37,uniform,0.5,190,103,94.00724143492789,0.5421052631578948,1,189,89,0.13426819443702698,0.18122816579332485,0.13366527508692433,0.15135460568103623,0.20523183648304755
iaml_super_40981,28,logei,native,decay_uniform_grid_a1_2,38,uniform,0.5,190,106,94.00724143492789,0.5578947368421052,1,190,96,0.13426819443702698,0.18588070624304573,0.1385411685398399,0.15823236054386816,0.1274518859082606
iaml_super_40981,28,logei,native,decay_uniform_grid_a1_2,39,uniform,0.5,190,93,94.00724143492789,0.48947368421052634,2,189,94,0.13426819443702698,0.17772230064682124,0.12957065158699888,0.14874083024254378,0.12541723443056327
iaml_super_40981,28,logei,native,decay_uniform_grid_a1_2,40,uniform,0.5,190,95,94.00724143492789,0.5,2,190,85,0.13426819443702698,0.13306302931027042,0.09951078169228257,0.11381363673342333,0.09726819495566358
iaml_super_40981,28,logei,native,decay_uniform_grid_a1_2,41,uniform,0.5,190,90,94.00724143492789,0.47368421052631576,1,190,92,0.13426819443702698,0.17673003290279934,0.12670048612684381,0.14491828524099976,0.13316912906846673
iaml_super_40981,28,logei,native,decay_uniform_grid_a1_2,42,uniform,0.5,190,95,94.00724143492789,0.5,1,189,97,0.13426819443702698,0.17413777168368405,0.12838801989732662,0.14591264782602748,0.1944256607113039
iaml_super_40981,28,logei,native,decay_uniform_grid_a1_2,43,uniform,0.5,190,106,94.00724143492789,0.5578947368421052,3,189,76,0.13426819443702698,0.19254341322699486,0.1362834158150048,0.154772716061878,0.1810435738486167
iaml_super_40981,28,logei,native,decay_uniform_grid_a1_2,44,uniform,0.5,190,98,94.00724143492789,0.5157894736842106,2,187,94,0.13426819443702698,0.18317729169564267,0.13165067631617924,0.15016410345749068,0.17905558180341744
iaml_super_40981,28,logei,native,decay_uniform_grid_a1_2,45,uniform,0.5,190,97,94.00724143492789,0.5105263157894737,1,190,88,0.13426819443702698,0.15113093721730106,0.10919145514920592,0.1245229926366347,0.10667919241836801
iaml_super_40981,28,logei,native,decay_uniform_grid_a1_2,46,uniform,0.5,190,89,94.00724143492789,0.46842105263157896,2,190,93,0.13426819443702698,0.16563863550013896,0.12508561655394895,0.1414847497537033,0.10695015397003937
iaml_super_40981,28,logei,native,decay_uniform_grid_a1_2,47,uniform,0.5,190,86,94.00724143492789,0.45263157894736844,2,189,102,0.13426819443702698,0.15913361031305276,0.12166507176831692,0.13931783571046877,0.13705948352506603
iaml_super_40981,28,logei,native,decay_uniform_grid_a1_2,48,uniform,0.5,190,90,94.00724143492789,0.47368421052631576,1,186,85,0.13426819443702698,0.13719468163089413,0.10030682898612026,0.11450037489404385,0.06987445324244454
iaml_super_40981,28,logei,native,decay_uniform_grid_a1_2,49,uniform,0.5,190,100,94.00724143492789,0.5263157894736842,2,188,92,0.13426819443702698,0.1714814901778935,0.12838784607615306,0.14665212811194836,0.13927297473016192
iaml_super_40981,28,logei,native,standard,35,none,nan,190,0,0.0,0.0,,,0,0.30079370737075806,0.06856277867389367,0.05161881206491911,0.05906239824857599,0.03710902740181111
iaml_super_40981,28,logei,native,standard,36,none,nan,190,0,0.0,0.0,,,0,0.13426819443702698,0.08034992203266313,0.056747937906084095,0.06699232344310649,0.044167378986265396
iaml_super_40981,28,logei,native,standard,37,none,nan,190,0,0.0,0.0,,,0,0.2713903486728668,0.0809025443073479,0.05924825736476026,0.06818162630407265,0.023805001813725423
iaml_super_40981,28,logei,native,standard,38,none,nan,190,0,0.0,0.0,,,0,0.13426819443702698,0.07042492231846295,0.05217008679778984,0.06018995855972185,0.015695415098743323
iaml_super_40981,28,logei,native,standard,39,none,nan,190,0,0.0,0.0,,,0,0.13426819443702698,0.07659080367511661,0.052138441752860115,0.06168600027712964,0.04530016488078831
iaml_super_40981,28,logei,native,standard,40,none,nan,190,0,0.0,0.0,,,0,0.13426819443702698,0.0683975830300792,0.049311034601109,0.057234509506243744,0.027610721729819383
iaml_super_40981,28,logei,native,standard,41,none,nan,190,0,0.0,0.0,,,0,0.13426819443702698,0.08978000254166488,0.06360391487485427,0.07316265816698829,0.042522157681674826
iaml_super_40981,28,logei,native,standard,42,none,nan,190,0,0.0,0.0,,,0,0.13426819443702698,0.07462727187193095,0.051567963522746604,0.059384039857959835,0.02698239203153148
iaml_super_40981,28,logei,native,standard,43,none,nan,190,0,0.0,0.0,,,0,0.13426819443702698,0.07235670683511605,0.05058753223776116,0.058164178288988136,0.04137801401944516
iaml_super_40981,28,logei,native,standard,44,none,nan,190,0,0.0,0.0,,,0,0.13426819443702698,0.07204718929609123,0.052869639925992966,0.06109753085626978,0.015477082221045569
iaml_super_40981,28,logei,native,standard,45,none,nan,190,0,0.0,0.0,,,0,0.13426819443702698,0.07867280699793519,0.05431769183462504,0.06318214527892359,0.029160197169636862
iaml_super_40981,28,logei,native,standard,46,none,nan,190,0,0.0,0.0,,,0,0.13426819443702698,0.06900170289875879,0.049740947976314454,0.057265251741206294,0.02826004116180769
iaml_super_40981,28,logei,native,standard,47,none,nan,190,0,0.0,0.0,,,0,0.13426819443702698,0.06851510824895733,0.05071715192117847,0.05869658842317574,0.018825525188400846
iaml_super_40981,28,logei,native,standard,48,none,nan,190,0,0.0,0.0,,,0,0.30346304178237915,0.07247919763255747,0.05197142541172875,0.05999815951972523,0.02942307093612015
iaml_super_40981,28,logei,native,standard,49,none,nan,190,0,0.0,0.0,,,0,0.13426819443702698,0.08209823285882896,0.05967687494861701,0.0686339336248071,0.032423892102926205
iaml_super_40981,28,mes_gumbel,native,decay_greedy_packing_grid_a1_2,35,greedy_packing,0.5,190,101,94.00724143492789,0.531578947368421,2,189,108,0.13426819443702698,0.13344502157298085,0.10017580799117012,0.11267644742417589,0.17784236863209557
iaml_super_40981,28,mes_gumbel,native,decay_greedy_packing_grid_a1_2,36,greedy_packing,0.5,190,98,94.00724143492789,0.5157894736842106,1,190,88,0.13426819443702698,0.13953720687802593,0.0994187590658343,0.11157821838413522,0.12731584324964895
iaml_super_40981,28,mes_gumbel,native,decay_greedy_packing_grid_a1_2,37,greedy_packing,0.5,190,103,94.00724143492789,0.5421052631578948,1,189,89,0.13426819443702698,0.11477807154324175,0.08561645661195817,0.09665603579885276,0.13687392705547172
iaml_super_40981,28,mes_gumbel,native,decay_greedy_packing_grid_a1_2,38,greedy_packing,0.5,190,106,94.00724143492789,0.5578947368421052,1,190,96,0.13426819443702698,0.14704609810870578,0.1104652020226041,0.12395978829005637,0.12763436005366993
iaml_super_40981,28,mes_gumbel,native,decay_greedy_packing_grid_a1_2,39,greedy_packing,0.5,190,93,94.00724143492789,0.48947368421052634,2,189,94,0.13426819443702698,0.12797345888026784,0.09290483362877823,0.10398719723160652,0.12482177590081826
iaml_super_40981,28,mes_gumbel,native,decay_greedy_packing_grid_a1_2,40,greedy_packing,0.5,190,95,94.00724143492789,0.5,2,190,85,0.13426819443702698,0.1295388764383671,0.10073504563433636,0.11360786236338856,0.12395729266041407
iaml_super_40981,28,mes_gumbel,native,decay_greedy_packing_grid_a1_2,41,greedy_packing,0.5,190,90,94.00724143492789,0.47368421052631576,1,190,92,0.13426819443702698,0.10468506795480315,0.07878786221822892,0.08878120688119581,0.09148166280580931
iaml_super_40981,28,mes_gumbel,native,decay_greedy_packing_grid_a1_2,42,greedy_packing,0.5,190,95,94.00724143492789,0.5,1,189,97,0.13426819443702698,0.13219800310657426,0.0997463531183129,0.11229010220689341,0.12312386411805562
iaml_super_40981,28,mes_gumbel,native,decay_greedy_packing_grid_a1_2,43,greedy_packing,0.5,190,106,94.00724143492789,0.5578947368421052,3,189,76,0.13426819443702698,0.1388140357173427,0.10284467673667201,0.11526213309893371,0.15266873541805742
iaml_super_40981,28,mes_gumbel,native,decay_greedy_packing_grid_a1_2,44,greedy_packing,0.5,190,98,94.00724143492789,0.5157894736842106,2,187,94,0.13426819443702698,0.12974171388571865,0.10028539801329556,0.11286402017514795,0.1381772871118122
iaml_super_40981,28,mes_gumbel,native,decay_greedy_packing_grid_a1_2,45,greedy_packing,0.5,190,97,94.00724143492789,0.5105263157894737,1,190,88,0.13426819443702698,0.121351219375525,0.08939468420646243,0.10035313581381741,0.10999698062001732
iaml_super_40981,28,mes_gumbel,native,decay_greedy_packing_grid_a1_2,46,greedy_packing,0.5,190,89,94.00724143492789,0.46842105263157896,2,190,93,0.13426819443702698,0.12899880406869063,0.09702813645467431,0.1092274707206727,0.13099536303710416
iaml_super_40981,28,mes_gumbel,native,decay_greedy_packing_grid_a1_2,47,greedy_packing,0.5,190,86,94.00724143492789,0.45263157894736844,2,189,102,0.13426819443702698,0.14229270787542433,0.1090962671804464,0.12228434558131361,0.1450133973163868
iaml_super_40981,28,mes_gumbel,native,decay_greedy_packing_grid_a1_2,48,greedy_packing,0.5,190,90,94.00724143492789,0.47368421052631576,1,186,85,0.13426819443702698,0.13331038613480814,0.09962935022140665,0.11200239283301244,0.17233752101987257
iaml_super_40981,28,mes_gumbel,native,decay_greedy_packing_grid_a1_2,49,greedy_packing,0.5,190,100,94.00724143492789,0.5263157894736842,2,188,92,0.13426819443702698,0.13006839363089362,0.09692851608788182,0.1087433514204804,0.12950254569747524
iaml_super_40981,28,mes_gumbel,native,decay_uniform_grid_a1_2,35,uniform,0.5,190,101,94.00724143492789,0.531578947368421,2,189,108,0.13426819443702698,0.18177655599406398,0.12841306309407874,0.14530498431322708,0.16521627541169873
iaml_super_40981,28,mes_gumbel,native,decay_uniform_grid_a1_2,36,uniform,0.5,190,98,94.00724143492789,0.5157894736842106,1,190,88,0.13426819443702698,0.1955860407197332,0.13931100919602754,0.15803795671247522,0.12463737818206085
iaml_super_40981,28,mes_gumbel,native,decay_uniform_grid_a1_2,37,uniform,0.5,190,103,94.00724143492789,0.5421052631578948,1,189,89,0.13426819443702698,0.16698600848820738,0.1264095568109116,0.14285062233510573,0.17252600464698775
iaml_super_40981,28,mes_gumbel,native,decay_uniform_grid_a1_2,38,uniform,0.5,190,106,94.00724143492789,0.5578947368421052,1,190,96,0.13426819443702698,0.18005101163852769,0.13427218778726416,0.1538708889608684,0.12082093825186158
iaml_super_40981,28,mes_gumbel,native,decay_uniform_grid_a1_2,39,uniform,0.5,190,93,94.00724143492789,0.48947368421052634,2,189,94,0.13426819443702698,0.1725183832533818,0.12763108418274072,0.14567313350366579,0.20216099696085837
iaml_super_40981,28,mes_gumbel,native,decay_uniform_grid_a1_2,40,uniform,0.5,190,95,94.00724143492789,0.5,2,190,85,0.13426819443702698,0.14444642622046386,0.10920545772773721,0.12418339452749289,0.10570685485217708
iaml_super_40981,28,mes_gumbel,native,decay_uniform_grid_a1_2,41,uniform,0.5,190,90,94.00724143492789,0.47368421052631576,1,190,92,0.13426819443702698,0.17328749572709967,0.12459586271070695,0.14106487927869327,0.1313330122160106
iaml_super_40981,28,mes_gumbel,native,decay_uniform_grid_a1_2,42,uniform,0.5,190,95,94.00724143492789,0.5,1,189,97,0.13426819443702698,0.1782421824306447,0.13177974601907863,0.14949097650519383,0.18213605265222677
iaml_super_40981,28,mes_gumbel,native,decay_uniform_grid_a1_2,43,uniform,0.5,190,106,94.00724143492789,0.5578947368421052,3,189,76,0.13426819443702698,0.18178873925043187,0.1286292694798194,0.14595400744740164,0.21634628354774174
iaml_super_40981,28,mes_gumbel,native,decay_uniform_grid_a1_2,44,uniform,0.5,190,98,94.00724143492789,0.5157894736842106,2,187,94,0.13426819443702698,0.16926504186786764,0.12263979000907346,0.14026478123086905,0.1788215208102831
iaml_super_40981,28,mes_gumbel,native,decay_uniform_grid_a1_2,45,uniform,0.5,190,97,94.00724143492789,0.5105263157894737,1,190,88,0.13426819443702698,0.1525203100049272,0.11176945924492337,0.12737997099869774,0.11169121882488699
iaml_super_40981,28,mes_gumbel,native,decay_uniform_grid_a1_2,46,uniform,0.5,190,89,94.00724143492789,0.46842105263157896,2,190,93,0.13426819443702698,0.17057140156284503,0.12935574623984386,0.14597028719997762,0.11016815659134148
iaml_super_40981,28,mes_gumbel,native,decay_uniform_grid_a1_2,47,uniform,0.5,190,86,94.00724143492789,0.45263157894736844,2,189,102,0.13426819443702698,0.1567177020723573,0.11898079471588557,0.13617809910504164,0.11604915501987938
iaml_super_40981,28,mes_gumbel,native,decay_uniform_grid_a1_2,48,uniform,0.5,190,90,94.00724143492789,0.47368421052631576,1,186,85,0.13426819443702698,0.13831237827576062,0.10286231813676432,0.11751107866014539,0.1467918593556007
iaml_super_40981,28,mes_gumbel,native,decay_uniform_grid_a1_2,49,uniform,0.5,190,100,94.00724143492789,0.5263157894736842,2,188,92,0.13426819443702698,0.1708519976489534,0.1270457186509915,0.14403434913240248,0.19411658785900127
iaml_super_40981,28,mes_gumbel,native,standard,35,none,nan,190,0,0.0,0.0,,,0,0.13426819443702698,0.08948841287687717,0.06369699630616925,0.07352391856770782,0.07257015484279969
iaml_super_40981,28,mes_gumbel,native,standard,36,none,nan,190,0,0.0,0.0,,,0,0.13426819443702698,0.1012119456534598,0.07420883829766915,0.08477015519049493,0.04188861847466564
iaml_super_40981,28,mes_gumbel,native,standard,37,none,nan,190,0,0.0,0.0,,,0,0.13426819443702698,0.07540904764551547,0.05568904483572243,0.06449874915691858,0.0625856525824628
iaml_super_40981,28,mes_gumbel,native,standard,38,none,nan,190,0,0.0,0.0,,,0,0.13426819443702698,0.10202284281428756,0.07381885192785509,0.08444801593860903,0.036615218015522484
iaml_super_40981,28,mes_gumbel,native,standard,39,none,nan,190,0,0.0,0.0,,,0,0.13426819443702698,0.07959251094240126,0.05564901501247059,0.064176861957771,0.02502496510834767
iaml_super_40981,28,mes_gumbel,native,standard,40,none,nan,190,0,0.0,0.0,,,0,0.13426819443702698,0.07109837700030293,0.05273378739005513,0.06063501977531872,0.06357309590069767
iaml_super_40981,28,mes_gumbel,native,standard,41,none,nan,190,0,0.0,0.0,,,0,0.13426819443702698,0.1376194055758852,0.10271773799888806,0.1167474828353773,0.11439506777429122
iaml_super_40981,28,mes_gumbel,native,standard,42,none,nan,190,0,0.0,0.0,,,0,0.13426819443702698,0.10033422952063194,0.06799395343259106,0.07820662369762739,0.058850104828520364
iaml_super_40981,28,mes_gumbel,native,standard,43,none,nan,190,0,0.0,0.0,,,0,0.13426819443702698,0.09328455379153258,0.06537288013566454,0.07515605537065397,0.0753202351577897
iaml_super_40981,28,mes_gumbel,native,standard,44,none,nan,190,0,0.0,0.0,,,0,0.13426819443702698,0.08957475139762622,0.0652698774639369,0.07487240584174061,0.04171703097082035
iaml_super_40981,28,mes_gumbel,native,standard,45,none,nan,190,0,0.0,0.0,,,0,0.13426819443702698,0.10020351243561935,0.06744940577563474,0.07797252299887761,0.06863105990214793
iaml_super_40981,28,mes_gumbel,native,standard,46,none,nan,190,0,0.0,0.0,,,0,0.13426819443702698,0.093211641946463,0.06773275392092133,0.07827183714879032,0.07091201519733684
iaml_super_40981,28,mes_gumbel,native,standard,47,none,nan,190,0,0.0,0.0,,,0,0.13426819443702698,0.09654291516971272,0.07315917904027316,0.0841273380083509,0.04050636122294531
iaml_super_40981,28,mes_gumbel,native,standard,48,none,nan,190,0,0.0,0.0,,,0,0.13426819443702698,0.09063579184867158,0.06531810742501301,0.07516814377882797,0.03453521464616558
iaml_super_40981,28,mes_gumbel,native,standard,49,none,nan,190,0,0.0,0.0,,,0,0.13426819443702698,0.10821672480529879,0.07660881625609935,0.08758899126771022,0.05112163137264938
iaml_super_40981,28,ts,logarithmic,decay_greedy_packing_grid_a1_2,35,greedy_packing,0.5,190,101,94.00724143492789,0.531578947368421,2,189,108,0.13431799411773682,0.17967135639465767,0.12931123759736501,0.14547788342009427,0.1735604162043126
iaml_super_40981,28,ts,logarithmic,decay_greedy_packing_grid_a1_2,36,greedy_packing,0.5,190,98,94.00724143492789,0.5157894736842106,1,190,88,0.13857793807983398,0.16902958209732075,0.12315059190302058,0.13875561635516223,0.16812357308832318
iaml_super_40981,28,ts,logarithmic,decay_greedy_packing_grid_a1_2,37,greedy_packing,0.5,190,103,94.00724143492789,0.5421052631578948,1,189,89,0.13427747786045074,0.15928055602915003,0.12173558708981577,0.13751983894376482,0.1423416421174845
iaml_super_40981,28,ts,logarithmic,decay_greedy_packing_grid_a1_2,38,greedy_packing,0.5,190,106,94.00724143492789,0.5578947368421052,1,190,96,0.13435015082359314,0.16388835718309577,0.1253689766214724,0.14107984214893923,0.15607547546747297
iaml_super_40981,28,ts,logarithmic,decay_greedy_packing_grid_a1_2,39,greedy_packing,0.5,190,93,94.00724143492789,0.48947368421052634,2,189,94,0.14159615337848663,0.16980072633055823,0.12799318787841785,0.14508490218610715,0.12335911744311552
iaml_super_40981,28,ts,logarithmic,decay_greedy_packing_grid_a1_2,40,greedy_packing,0.5,190,95,94.00724143492789,0.5,2,190,85,0.13436809182167053,0.1726692434404082,0.13065731552291443,0.14765961544005865,0.16223869388688217
iaml_super_40981,28,ts,logarithmic,decay_greedy_packing_grid_a1_2,41,greedy_packing,0.5,190,90,94.00724143492789,0.47368421052631576,1,190,92,0.1419137716293335,0.1854380490710275,0.13799610280655666,0.15571860593093945,0.1630341109556052
iaml_super_40981,28,ts,logarithmic,decay_greedy_packing_grid_a1_2,42,greedy_packing,0.5,190,95,94.00724143492789,0.5,1,189,97,0.1347537487745285,0.17236586964670936,0.1278436645477667,0.1442122229179949,0.1575983844251458
iaml_super_40981,28,ts,logarithmic,decay_greedy_packing_grid_a1_2,43,greedy_packing,0.5,190,106,94.00724143492789,0.5578947368421052,3,189,76,0.15367858111858368,0.1793621671121076,0.13239698969982028,0.1502534019230437,0.1404197692264246
iaml_super_40981,28,ts,logarithmic,decay_greedy_packing_grid_a1_2,44,greedy_packing,0.5,190,98,94.00724143492789,0.5157894736842106,2,187,94,0.13427221775054932,0.16474311256318713,0.12187572696181102,0.137993441295483,0.13209332189803413
iaml_super_40981,28,ts,logarithmic,decay_greedy_packing_grid_a1_2,45,greedy_packing,0.5,190,97,94.00724143492789,0.5105263157894737,1,190,88,0.15006501972675323,0.16371291111063774,0.1205649107559629,0.1357809643108176,0.14802707221400208
iaml_super_40981,28,ts,logarithmic,decay_greedy_packing_grid_a1_2,46,greedy_packing,0.5,190,89,94.00724143492789,0.46842105263157896,2,190,93,0.13610373437404633,0.17109126998409593,0.13026951948301374,0.1475795514143391,0.16758204609334312
iaml_super_40981,28,ts,logarithmic,decay_greedy_packing_grid_a1_2,47,greedy_packing,0.5,190,86,94.00724143492789,0.45263157894736844,2,189,102,0.15477310121059418,0.16357323582376695,0.12494438304774351,0.14142996568344543,0.10903184979990575
iaml_super_40981,28,ts,logarithmic,decay_greedy_packing_grid_a1_2,48,greedy_packing,0.5,190,90,94.00724143492789,0.47368421052631576,1,186,85,0.13468478620052338,0.15726378402771682,0.11804885097207077,0.132582492116981,0.11843328155815072
iaml_super_40981,28,ts,logarithmic,decay_greedy_packing_grid_a1_2,49,greedy_packing,0.5,190,100,94.00724143492789,0.5263157894736842,2,188,92,0.2729215621948242,0.1676621616960521,0.12561033144088893,0.14214001021447037,0.13642218853544558
iaml_super_40981,28,ts,logarithmic,decay_uniform_grid_a1_2,35,uniform,0.5,190,101,94.00724143492789,0.531578947368421,2,189,108,0.13431799411773682,0.19246445307252538,0.14105294741751268,0.15965706170849633,0.17217120301492114
iaml_super_40981,28,ts,logarithmic,decay_uniform_grid_a1_2,36,uniform,0.5,190,98,94.00724143492789,0.5157894736842106,1,190,88,0.2573390603065491,0.18850806001224016,0.14022151269310412,0.15971340836708164,0.12728887237461017
iaml_super_40981,28,ts,logarithmic,decay_uniform_grid_a1_2,37,uniform,0.5,190,103,94.00724143492789,0.5421052631578948,1,189,89,0.1822991669178009,0.19940273800675137,0.14569752815406423,0.16517454896621533,0.15840951393254546
iaml_super_40981,28,ts,logarithmic,decay_uniform_grid_a1_2,38,uniform,0.5,190,106,94.00724143492789,0.5578947368421052,1,190,96,0.1644199937582016,0.1831393907905568,0.13824393465412316,0.15760827602466734,0.12853209153988912
iaml_super_40981,28,ts,logarithmic,decay_uniform_grid_a1_2,39,uniform,0.5,190,93,94.00724143492789,0.48947368421052634,2,189,94,0.13916431367397308,0.19257980415168596,0.14212306060421132,0.16374081043447472,0.1361821103123018
iaml_super_40981,28,ts,logarithmic,decay_uniform_grid_a1_2,40,uniform,0.5,190,95,94.00724143492789,0.5,2,190,85,0.13470551371574402,0.18758435602048554,0.13978423975581328,0.15929259778217472,0.13929074720637494
iaml_super_40981,28,ts,logarithmic,decay_uniform_grid_a1_2,41,uniform,0.5,190,90,94.00724143492789,0.47368421052631576,1,190,92,0.1581457406282425,0.2122747023566162,0.1527904593650752,0.17364197785667437,0.17724284804415877
iaml_super_40981,28,ts,logarithmic,decay_uniform_grid_a1_2,42,uniform,0.5,190,95,94.00724143492789,0.5,1,189,97,0.2478557825088501,0.18842602424888322,0.14055384731734633,0.16036364856764238,0.17530433346680424
iaml_super_40981,28,ts,logarithmic,decay_uniform_grid_a1_2,43,uniform,0.5,190,106,94.00724143492789,0.5578947368421052,3,189,76,0.1683712899684906,0.19766327618525945,0.14275014252443952,0.16261495072115223,0.1486235016702688
iaml_super_40981,28,ts,logarithmic,decay_uniform_grid_a1_2,44,uniform,0.5,190,98,94.00724143492789,0.5157894736842106,2,187,94,0.13853402435779572,0.19025650890337625,0.13656451540784886,0.1561731915246401,0.1426836561898059
iaml_super_40981,28,ts,logarithmic,decay_uniform_grid_a1_2,45,uniform,0.5,190,97,94.00724143492789,0.5105263157894737,1,190,88,0.25123709440231323,0.17834248756045157,0.1278064945835427,0.14562430260315914,0.12633816077304572
iaml_super_40981,28,ts,logarithmic,decay_uniform_grid_a1_2,46,uniform,0.5,190,89,94.00724143492789,0.46842105263157896,2,190,93,0.25607168674468994,0.19139024152950437,0.14435527554844935,0.1645314943610036,0.12076644928211569
iaml_super_40981,28,ts,logarithmic,decay_uniform_grid_a1_2,47,uniform,0.5,190,86,94.00724143492789,0.45263157894736844,2,189,102,0.13606445491313934,0.19138648599768426,0.14429978742461777,0.16465388020277372,0.15706166218758763
iaml_super_40981,28,ts,logarithmic,decay_uniform_grid_a1_2,48,uniform,0.5,190,90,94.00724143492789,0.47368421052631576,1,186,85,0.17301535606384277,0.1758893711077904,0.12903279145598878,0.14727251637300862,0.14348438946865205
iaml_super_40981,28,ts,logarithmic,decay_uniform_grid_a1_2,49,uniform,0.5,190,100,94.00724143492789,0.5263157894736842,2,188,92,0.30700796842575073,0.189933806133578,0.13869313903279756,0.1590820720134369,0.1548781781838924
iaml_super_40981,28,ts,logarithmic,standard,35,none,nan,190,0,0.0,0.0,,,0,0.17247319221496582,0.17379350814764793,0.12061516757561104,0.13719483762220328,0.14197518189260266
iaml_super_40981,28,ts,logarithmic,standard,36,none,nan,190,0,0.0,0.0,,,0,0.19246594607830048,0.17212373227250824,0.12049587021374136,0.13715547802755096,0.12682609037778378
iaml_super_40981,28,ts,logarithmic,standard,37,none,nan,190,0,0.0,0.0,,,0,0.13427592813968658,0.1582877851256255,0.12105432072225335,0.1384496982185936,0.12202773249826551
iaml_super_40981,28,ts,logarithmic,standard,38,none,nan,190,0,0.0,0.0,,,0,0.13427624106407166,0.17671221086618893,0.1297159692320033,0.1475369146305339,0.1480769214239492
iaml_super_40981,28,ts,logarithmic,standard,39,none,nan,190,0,0.0,0.0,,,0,0.1358717828989029,0.17188896629844802,0.12550901364987574,0.14257327874297382,0.16262539521917707
iaml_super_40981,28,ts,logarithmic,standard,40,none,nan,190,0,0.0,0.0,,,0,0.3039848208427429,0.15552760579216343,0.11033520156698841,0.12615581411533502,0.12793114660305033
iaml_super_40981,28,ts,logarithmic,standard,41,none,nan,190,0,0.0,0.0,,,0,0.13469097018241882,0.18997259877295083,0.14144044789454147,0.15988213609906143,0.13288655624043064
iaml_super_40981,28,ts,logarithmic,standard,42,none,nan,190,0,0.0,0.0,,,0,0.20550402998924255,0.18181012099856905,0.13074003355690256,0.14958464049547346,0.13451508406877122
iaml_super_40981,28,ts,logarithmic,standard,43,none,nan,190,0,0.0,0.0,,,0,0.13432294130325317,0.19336629678465211,0.1379144665882076,0.15689990367721443,0.183027223943632
iaml_super_40981,28,ts,logarithmic,standard,44,none,nan,190,0,0.0,0.0,,,0,0.30768898129463196,0.15163424095496997,0.11216198607143224,0.1275672278859013,0.12286990701590715
iaml_super_40981,28,ts,logarithmic,standard,45,none,nan,190,0,0.0,0.0,,,0,0.17456883192062378,0.17916465007078738,0.12979059645417929,0.1472767734553459,0.1348081487610928
iaml_super_40981,28,ts,logarithmic,standard,46,none,nan,190,0,0.0,0.0,,,0,0.14109140634536743,0.18206465230155336,0.13839882911805357,0.1572480234651093,0.1235553819301978
iaml_super_40981,28,ts,logarithmic,standard,47,none,nan,190,0,0.0,0.0,,,0,0.201888307929039,0.17077734035791245,0.12552797710054003,0.143747320907265,0.1431032723103333
iaml_super_40981,28,ts,logarithmic,standard,48,none,nan,190,0,0.0,0.0,,,0,0.18257874250411987,0.18294040746942714,0.13081624553841303,0.14833213461835024,0.15134396046065854
iaml_super_40981,28,ts,logarithmic,standard,49,none,nan,190,0,0.0,0.0,,,0,0.25034359097480774,0.18644694662461303,0.13394441110013347,0.15320413025173688,0.14586343423792558
iaml_super_40981,28,ucb,constant,decay_greedy_packing_grid_a1_2,35,greedy_packing,0.5,190,101,94.00724143492789,0.531578947368421,2,189,108,0.13426819443702698,0.1285499146269179,0.09756838970338716,0.10917934449330638,0.16769569440906776
iaml_super_40981,28,ucb,constant,decay_greedy_packing_grid_a1_2,36,greedy_packing,0.5,190,98,94.00724143492789,0.5157894736842106,1,190,88,0.13426819443702698,0.13933304976415503,0.10053775541597636,0.11280674472982817,0.12995800519893907
iaml_super_40981,28,ucb,constant,decay_greedy_packing_grid_a1_2,37,greedy_packing,0.5,190,103,94.00724143492789,0.5421052631578948,1,189,89,0.13426819443702698,0.1177494573954352,0.08666505192511181,0.09757989586394385,0.14359778438888446
iaml_super_40981,28,ucb,constant,decay_greedy_packing_grid_a1_2,38,greedy_packing,0.5,190,106,94.00724143492789,0.5578947368421052,1,190,96,0.13426819443702698,0.14134426464041336,0.10955078887307954,0.12298763533536754,0.13730928226287845
iaml_super_40981,28,ucb,constant,decay_greedy_packing_grid_a1_2,39,greedy_packing,0.5,190,93,94.00724143492789,0.48947368421052634,2,189,94,0.13426819443702698,0.13116391168683056,0.1014031071716143,0.11296399406953209,0.16298028101885345
iaml_super_40981,28,ucb,constant,decay_greedy_packing_grid_a1_2,40,greedy_packing,0.5,190,95,94.00724143492789,0.5,2,190,85,0.13426819443702698,0.1291729629758319,0.0993410755087406,0.11199576998659767,0.11753782356080586
iaml_super_40981,28,ucb,constant,decay_greedy_packing_grid_a1_2,41,greedy_packing,0.5,190,90,94.00724143492789,0.47368421052631576,1,190,92,0.13426819443702698,0.1051879227430868,0.07927859480886443,0.08929850370492522,0.1004410859424472
iaml_super_40981,28,ucb,constant,decay_greedy_packing_grid_a1_2,42,greedy_packing,0.5,190,95,94.00724143492789,0.5,1,189,97,0.13426819443702698,0.12298508827090265,0.09262999948489256,0.10420955247395983,0.1640749780680804
iaml_super_40981,28,ucb,constant,decay_greedy_packing_grid_a1_2,43,greedy_packing,0.5,190,106,94.00724143492789,0.5578947368421052,3,189,76,0.13426819443702698,0.136974700938798,0.10218817400193464,0.1144814747756697,0.1690113821910514
iaml_super_40981,28,ucb,constant,decay_greedy_packing_grid_a1_2,44,greedy_packing,0.5,190,98,94.00724143492789,0.5157894736842106,2,187,94,0.13426819443702698,0.13035934058336515,0.1011755580939281,0.11343160356951472,0.16626858590685967
iaml_super_40981,28,ucb,constant,decay_greedy_packing_grid_a1_2,45,greedy_packing,0.5,190,97,94.00724143492789,0.5105263157894737,1,190,88,0.13426819443702698,0.1066181755170693,0.0796359055290766,0.0894013140360532,0.10364543441792934
iaml_super_40981,28,ucb,constant,decay_greedy_packing_grid_a1_2,46,greedy_packing,0.5,190,89,94.00724143492789,0.46842105263157896,2,190,93,0.13426819443702698,0.11801254251806326,0.0897733464473632,0.1008125752815117,0.10562168613909402
iaml_super_40981,28,ucb,constant,decay_greedy_packing_grid_a1_2,47,greedy_packing,0.5,190,86,94.00724143492789,0.45263157894736844,2,189,102,0.13426819443702698,0.13850255712288914,0.10225304423502449,0.11486499557233755,0.15234743733551448
iaml_super_40981,28,ucb,constant,decay_greedy_packing_grid_a1_2,48,greedy_packing,0.5,190,90,94.00724143492789,0.47368421052631576,1,186,85,0.13426819443702698,0.12408625750408761,0.09227581895387889,0.10382803260796847,0.13534201745002494
iaml_super_40981,28,ucb,constant,decay_greedy_packing_grid_a1_2,49,greedy_packing,0.5,190,100,94.00724143492789,0.5263157894736842,2,188,92,0.13426819443702698,0.12250357442908792,0.09074416877123462,0.1022167474015484,0.1381537410791922
iaml_super_40981,28,ucb,constant,decay_uniform_grid_a1_2,35,uniform,0.5,190,101,94.00724143492789,0.531578947368421,2,189,108,0.13426819443702698,0.18439294934638098,0.1302607570841876,0.14691065195140876,0.23331273381651574
iaml_super_40981,28,ucb,constant,decay_uniform_grid_a1_2,36,uniform,0.5,190,98,94.00724143492789,0.5157894736842106,1,190,88,0.13426819443702698,0.1900352410616272,0.13605806863459408,0.15484198968964502,0.12383340426938214
iaml_super_40981,28,ucb,constant,decay_uniform_grid_a1_2,37,uniform,0.5,190,103,94.00724143492789,0.5421052631578948,1,189,89,0.13426819443702698,0.16839098978251488,0.12697937418901734,0.14404968127350012,0.20822757340526932
iaml_super_40981,28,ucb,constant,decay_uniform_grid_a1_2,38,uniform,0.5,190,106,94.00724143492789,0.5578947368421052,1,190,96,0.13426819443702698,0.173997505718216,0.12929712139355062,0.14790399294016296,0.11581854836193417
iaml_super_40981,28,ucb,constant,decay_uniform_grid_a1_2,39,uniform,0.5,190,93,94.00724143492789,0.48947368421052634,2,189,94,0.13426819443702698,0.17238743396739684,0.1267771446853621,0.14448991117775364,0.20176663369471623
iaml_super_40981,28,ucb,constant,decay_uniform_grid_a1_2,40,uniform,0.5,190,95,94.00724143492789,0.5,2,190,85,0.13426819443702698,0.14074962103486308,0.10580963509077607,0.12027391313000545,0.10426661962349462
iaml_super_40981,28,ucb,constant,decay_uniform_grid_a1_2,41,uniform,0.5,190,90,94.00724143492789,0.47368421052631576,1,190,92,0.13426819443702698,0.17312188365262873,0.1236409977819449,0.14065593793791348,0.1281100047954164
iaml_super_40981,28,ucb,constant,decay_uniform_grid_a1_2,42,uniform,0.5,190,95,94.00724143492789,0.5,1,189,97,0.13426819443702698,0.18176428559127117,0.13486522745654378,0.15355669000705738,0.24708887968891272
iaml_super_40981,28,ucb,constant,decay_uniform_grid_a1_2,43,uniform,0.5,190,106,94.00724143492789,0.5578947368421052,3,189,76,0.13426819443702698,0.18294030655000248,0.12863307410866076,0.14642058128422575,0.1884019277310747
iaml_super_40981,28,ucb,constant,decay_uniform_grid_a1_2,44,uniform,0.5,190,98,94.00724143492789,0.5157894736842106,2,187,94,0.13426819443702698,0.1553592434743163,0.11091996368165079,0.1266436091762215,0.17179007037590988
iaml_super_40981,28,ucb,constant,decay_uniform_grid_a1_2,45,uniform,0.5,190,97,94.00724143492789,0.5105263157894737,1,190,88,0.13426819443702698,0.15348212238346573,0.10940111950020942,0.12452252746547007,0.10590629990900532
iaml_super_40981,28,ucb,constant,decay_uniform_grid_a1_2,46,uniform,0.5,190,89,94.00724143492789,0.46842105263157896,2,190,93,0.13426819443702698,0.1609688776411297,0.12232234442087438,0.13837454434024687,0.10311295917728827
iaml_super_40981,28,ucb,constant,decay_uniform_grid_a1_2,47,uniform,0.5,190,86,94.00724143492789,0.45263157894736844,2,189,102,0.13426819443702698,0.15351038299985864,0.11808576288695657,0.13525308879033512,0.20361059726506453
iaml_super_40981,28,ucb,constant,decay_uniform_grid_a1_2,48,uniform,0.5,190,90,94.00724143492789,0.47368421052631576,1,186,85,0.13426819443702698,0.13739242066866594,0.10025710054763007,0.11442358091252351,0.13906608087639846
iaml_super_40981,28,ucb,constant,decay_uniform_grid_a1_2,49,uniform,0.5,190,100,94.00724143492789,0.5263157894736842,2,188,92,0.13426819443702698,0.16509554407228252,0.12542934268880562,0.14200272428125096,0.20231372690196747
iaml_super_40981,28,ucb,constant,standard,35,none,nan,190,0,0.0,0.0,,,0,0.13426819443702698,0.0647450421731496,0.046126418559897554,0.05266589571691968,0.0404438164635912
iaml_super_40981,28,ucb,constant,standard,36,none,nan,190,0,0.0,0.0,,,0,0.13426819443702698,0.06199039146196841,0.04557032284871738,0.052247195702983265,0.04606341840922307
iaml_super_40981,28,ucb,constant,standard,37,none,nan,190,0,0.0,0.0,,,0,0.13426819443702698,0.06592235360236491,0.04712031920150803,0.05495518668170263,0.0494715343668923
iaml_super_40981,28,ucb,constant,standard,38,none,nan,190,0,0.0,0.0,,,0,0.13426819443702698,0.061830958105509676,0.04629533652196413,0.05334753750242775,0.041121876910289505
iaml_super_40981,28,ucb,constant,standard,39,none,nan,190,0,0.0,0.0,,,0,0.13426819443702698,0.06710690641394483,0.04758418193170701,0.055496470631069106,0.040225505855334076
iaml_super_40981,28,ucb,constant,standard,40,none,nan,190,0,0.0,0.0,,,0,0.13426819443702698,0.062241608872417066,0.046200819499396015,0.05332168877516084,0.04257633179630226
iaml_super_40981,28,ucb,constant,standard,41,none,nan,190,0,0.0,0.0,,,0,0.13426819443702698,0.06268603815681596,0.04431554651009164,0.05068723422286418,0.03811814992160642
iaml_super_40981,28,ucb,constant,standard,42,none,nan,190,0,0.0,0.0,,,0,0.13426819443702698,0.06736219697267325,0.04681768860762828,0.053355076924536296,0.041679328285281585
iaml_super_40981,28,ucb,constant,standard,43,none,nan,190,0,0.0,0.0,,,0,0.13426819443702698,0.06768002719580178,0.04776621968614672,0.05481432280936101,0.04739433577535417
iaml_super_40981,28,ucb,constant,standard,44,none,nan,190,0,0.0,0.0,,,0,0.13426819443702698,0.06594718753982627,0.04986014697717061,0.057087059176076885,0.041529180930639134
iaml_super_40981,28,ucb,constant,standard,45,none,nan,190,0,0.0,0.0,,,0,0.13426819443702698,0.06616980048231674,0.04624332438322096,0.0532662803629211,0.042901247355951834
iaml_super_40981,28,ucb,constant,standard,46,none,nan,190,0,0.0,0.0,,,0,0.13426819443702698,0.06382708414925788,0.046240138069178996,0.05356092574519157,0.048310822440827156
iaml_super_40981,28,ucb,constant,standard,47,none,nan,190,0,0.0,0.0,,,0,0.13426819443702698,0.0661385749006664,0.0502093773176273,0.05786582620995556,0.047939591574249124
iaml_super_40981,28,ucb,constant,standard,48,none,nan,190,0,0.0,0.0,,,0,0.13426819443702698,0.060681251356057404,0.044902352764173065,0.05170780655009581,0.039051146581999936
iaml_super_40981,28,ucb,constant,standard,49,none,nan,190,0,0.0,0.0,,,0,0.13426819443702698,0.08020738859600447,0.05850328951172899,0.06676509671082839,0.06430248470123844
iaml_super_41146,28,logei,native,decay_greedy_packing_grid_a1_2,35,greedy_packing,0.5,190,101,94.00724143492789,0.531578947368421,2,189,108,0.13426819443702698,0.15211340214172883,0.11444022031155085,0.1290662904290787,0.20269490433453002
iaml_super_41146,28,logei,native,decay_greedy_packing_grid_a1_2,36,greedy_packing,0.5,190,98,94.00724143492789,0.5157894736842106,1,190,88,0.13426819443702698,0.184056121855982,0.13580607519334653,0.1514892207806944,0.17151580848695933
iaml_super_41146,28,logei,native,decay_greedy_packing_grid_a1_2,37,greedy_packing,0.5,190,103,94.00724143492789,0.5421052631578948,1,189,89,0.13426819443702698,0.1590058868467354,0.12061850684810214,0.13584819636278767,0.20604592891458226
iaml_super_41146,28,logei,native,decay_greedy_packing_grid_a1_2,38,greedy_packing,0.5,190,106,94.00724143492789,0.5578947368421052,1,190,96,0.13426819443702698,0.13449770131587557,0.09775327651530208,0.1103044046397152,0.1254627138747178
iaml_super_41146,28,logei,native,decay_greedy_packing_grid_a1_2,39,greedy_packing,0.5,190,93,94.00724143492789,0.48947368421052634,2,189,94,0.13426819443702698,0.13995639753260147,0.1024163249912715,0.11513685706427933,0.12177155488086763
iaml_super_41146,28,logei,native,decay_greedy_packing_grid_a1_2,40,greedy_packing,0.5,190,95,94.00724143492789,0.5,2,190,85,0.13426819443702698,0.1379880912477814,0.10721734099395892,0.12082756284230493,0.13119583086350597
iaml_super_41146,28,logei,native,decay_greedy_packing_grid_a1_2,41,greedy_packing,0.5,190,90,94.00724143492789,0.47368421052631576,1,190,92,0.13426819443702698,0.11705991906634514,0.08728970365438285,0.09945828259717093,0.10529911153598885
iaml_super_41146,28,logei,native,decay_greedy_packing_grid_a1_2,42,greedy_packing,0.5,190,95,94.00724143492789,0.5,1,189,97,0.13426819443702698,0.13372043527894975,0.10198606758839246,0.11460861994864174,0.13717080838950266
iaml_super_41146,28,logei,native,decay_greedy_packing_grid_a1_2,43,greedy_packing,0.5,190,106,94.00724143492789,0.5578947368421052,3,189,76,0.13426819443702698,0.14688306683055485,0.10622767700559715,0.11913816192126675,0.12613917793547777
iaml_super_41146,28,logei,native,decay_greedy_packing_grid_a1_2,44,greedy_packing,0.5,190,98,94.00724143492789,0.5157894736842106,2,187,94,0.13426819443702698,0.14198942356015345,0.10816068073102651,0.12168593161128495,0.11022108169632629
iaml_super_41146,28,logei,native,decay_greedy_packing_grid_a1_2,45,greedy_packing,0.5,190,97,94.00724143492789,0.5105263157894737,1,190,88,0.13426819443702698,0.15679955600662593,0.11851500532238522,0.13381388114307607,0.14132354045933132
iaml_super_41146,28,logei,native,decay_greedy_packing_grid_a1_2,46,greedy_packing,0.5,190,89,94.00724143492789,0.46842105263157896,2,190,93,0.13426819443702698,0.14304767210191502,0.10921930546891767,0.12325287473404609,0.14245711160408722
iaml_super_41146,28,logei,native,decay_greedy_packing_grid_a1_2,47,greedy_packing,0.5,190,86,94.00724143492789,0.45263157894736844,2,189,102,0.13426819443702698,0.1640758196990153,0.12574572387705513,0.1412581672992222,0.15133855424975545
iaml_super_41146,28,logei,native,decay_greedy_packing_grid_a1_2,48,greedy_packing,0.5,190,90,94.00724143492789,0.47368421052631576,1,186,85,0.13426819443702698,0.1460311607626416,0.10709086363496156,0.120516593509109,0.1445788768459845
iaml_super_41146,28,logei,native,decay_greedy_packing_grid_a1_2,49,greedy_packing,0.5,190,100,94.00724143492789,0.5263157894736842,2,188,92,0.13426819443702698,0.1501605442840781,0.11402557478430046,0.12815317493229142,0.12626806601773097
iaml_super_41146,28,logei,native,decay_uniform_grid_a1_2,35,uniform,0.5,190,101,94.00724143492789,0.531578947368421,2,189,108,0.13426819443702698,0.18499163442568212,0.13220637858773535,0.149431091832612,0.1382787930329524
iaml_super_41146,28,logei,native,decay_uniform_grid_a1_2,36,uniform,0.5,190,98,94.00724143492789,0.5157894736842106,1,190,88,0.13426819443702698,0.17811841149353222,0.13018018912311485,0.14887372213713224,0.1176226420910275
iaml_super_41146,28,logei,native,decay_uniform_grid_a1_2,37,uniform,0.5,190,103,94.00724143492789,0.5421052631578948,1,189,89,0.13426819443702698,0.20760425976331093,0.1546374653350813,0.17552180092079758,0.19381681166602902
iaml_super_41146,28,logei,native,decay_uniform_grid_a1_2,38,uniform,0.5,190,106,94.00724143492789,0.5578947368421052,1,190,96,0.13426819443702698,0.17156995036378359,0.1284450993058041,0.14688878278072473,0.12021212622205736
iaml_super_41146,28,logei,native,decay_uniform_grid_a1_2,39,uniform,0.5,190,93,94.00724143492789,0.48947368421052634,2,189,94,0.13426819443702698,0.14189790676635922,0.10465802662574328,0.12047099551501148,0.17940392397922958
iaml_super_41146,28,logei,native,decay_uniform_grid_a1_2,40,uniform,0.5,190,95,94.00724143492789,0.5,2,190,85,0.13426819443702698,0.17509280034748628,0.13064428601132022,0.14960242561467557,0.12766594569392867
iaml_super_41146,28,logei,native,decay_uniform_grid_a1_2,41,uniform,0.5,190,90,94.00724143492789,0.47368421052631576,1,190,92,0.13426819443702698,0.18245878216224967,0.13265904389540614,0.15092668341331975,0.1414610258584849
iaml_super_41146,28,logei,native,decay_uniform_grid_a1_2,42,uniform,0.5,190,95,94.00724143492789,0.5,1,189,97,0.13426819443702698,0.1506070284161762,0.11077191114358434,0.1265817554540347,0.1581966843163123
iaml_super_41146,28,logei,native,decay_uniform_grid_a1_2,43,uniform,0.5,190,106,94.00724143492789,0.5578947368421052,3,189,76,0.13426819443702698,0.2059196276404355,0.1466029915532011,0.16748137610946773,0.19229262407917957
iaml_super_41146,28,logei,native,decay_uniform_grid_a1_2,44,uniform,0.5,190,98,94.00724143492789,0.5157894736842106,2,187,94,0.13426819443702698,0.16406727332034898,0.11644446669780914,0.1331163898434105,0.06903413191966311
iaml_super_41146,28,logei,native,decay_uniform_grid_a1_2,45,uniform,0.5,190,97,94.00724143492789,0.5105263157894737,1,190,88,0.13426819443702698,0.15896557898963642,0.11297327963613754,0.129130419259284,0.10753211787786542
iaml_super_41146,28,logei,native,decay_uniform_grid_a1_2,46,uniform,0.5,190,89,94.00724143492789,0.46842105263157896,2,190,93,0.13426819443702698,0.17026719993443556,0.1257952259513446,0.14275363619958387,0.10137588425584296
iaml_super_41146,28,logei,native,decay_uniform_grid_a1_2,47,uniform,0.5,190,86,94.00724143492789,0.45263157894736844,2,189,102,0.15896748006343842,0.16497512433936096,0.1193393987992044,0.13674827917926807,0.12193913131963603
iaml_super_41146,28,logei,native,decay_uniform_grid_a1_2,48,uniform,0.5,190,90,94.00724143492789,0.47368421052631576,1,186,85,0.13426819443702698,0.18269546635610037,0.13338972850022626,0.15206227005462106,0.16596589352532742
iaml_super_41146,28,logei,native,decay_uniform_grid_a1_2,49,uniform,0.5,190,100,94.00724143492789,0.5263157894736842,2,188,92,0.13426819443702698,0.1726610706008331,0.13095480251383784,0.1492296650519602,0.15104510707618563
iaml_super_41146,28,logei,native,standard,35,none,nan,190,0,0.0,0.0,,,0,0.13426819443702698,0.06611175190038271,0.04751219662431889,0.054587784649911916,0.03457095080801451
iaml_super_41146,28,logei,native,standard,36,none,nan,190,0,0.0,0.0,,,0,0.15896748006343842,0.062725965669752,0.045917358528952006,0.05280525647123736,0.019856927448806044
iaml_super_41146,28,logei,native,standard,37,none,nan,190,0,0.0,0.0,,,0,0.15240034461021423,0.06425706298605048,0.046287979710053495,0.053485626422203565,0.03312505378066301
iaml_super_41146,28,logei,native,standard,38,none,nan,190,0,0.0,0.0,,,0,0.13426819443702698,0.07089476193425949,0.05330841844475281,0.06119796464486791,0.025558251280869845
iaml_super_41146,28,logei,native,standard,39,none,nan,190,0,0.0,0.0,,,0,0.13426819443702698,0.07784897638213417,0.0583966910618324,0.06745013293361288,0.04094149812122477
iaml_super_41146,28,logei,native,standard,40,none,nan,190,0,0.0,0.0,,,0,0.13426819443702698,0.08765843465389783,0.06519090834183339,0.07467939183495287,0.04152707954070001
iaml_super_41146,28,logei,native,standard,41,none,nan,190,0,0.0,0.0,,,0,0.13426819443702698,0.136134547066768,0.09492479580586002,0.10877236309947762,0.12945892657487446
iaml_super_41146,28,logei,native,standard,42,none,nan,190,0,0.0,0.0,,,0,0.13711445033550262,0.10791597729589568,0.07938838891857002,0.09095389365877696,0.06137806175276462
iaml_super_41146,28,logei,native,standard,43,none,nan,190,0,0.0,0.0,,,0,0.13426819443702698,0.06552226534764373,0.0479830635063213,0.055391415489374936,0.031863357507791054
iaml_super_41146,28,logei,native,standard,44,none,nan,190,0,0.0,0.0,,,0,0.1538647562265396,0.06620110793243363,0.04615840813348943,0.053803514354270825,0.022711698635639644
iaml_super_41146,28,logei,native,standard,45,none,nan,190,0,0.0,0.0,,,0,0.13426819443702698,0.20988542050147907,0.15279571508479456,0.17327809616174078,0.12672297121492435
iaml_super_41146,28,logei,native,standard,46,none,nan,190,0,0.0,0.0,,,0,0.13426819443702698,0.12094685358398388,0.08755175765102136,0.0997648266999958,0.07318321091902769
iaml_super_41146,28,logei,native,standard,47,none,nan,190,0,0.0,0.0,,,0,0.1538647562265396,0.06658036294122849,0.04797123528351669,0.05517184127163068,0.03205471196981267
iaml_super_41146,28,logei,native,standard,48,none,nan,190,0,0.0,0.0,,,0,0.15238890051841736,0.06804831954409214,0.046929353698577383,0.054349559977515394,0.023263878666796075
iaml_super_41146,28,logei,native,standard,49,none,nan,190,0,0.0,0.0,,,0,0.1682138741016388,0.07194649919480159,0.05251765282166468,0.06036167914196161,0.04456312153952109
iaml_super_41146,28,mes_gumbel,native,decay_greedy_packing_grid_a1_2,35,greedy_packing,0.5,190,101,94.00724143492789,0.531578947368421,2,189,108,0.13426819443702698,0.13813816782320315,0.10519867253607362,0.11819863881501426,0.161735976302074
iaml_super_41146,28,mes_gumbel,native,decay_greedy_packing_grid_a1_2,36,greedy_packing,0.5,190,98,94.00724143492789,0.5157894736842106,1,190,88,0.13426819443702698,0.16418653117768442,0.1226607186473836,0.13655751352803558,0.15490948518428563
iaml_super_41146,28,mes_gumbel,native,decay_greedy_packing_grid_a1_2,37,greedy_packing,0.5,190,103,94.00724143492789,0.5421052631578948,1,189,89,0.13426819443702698,0.14049984925674047,0.10761087164073196,0.12071962880234047,0.15652919041803234
iaml_super_41146,28,mes_gumbel,native,decay_greedy_packing_grid_a1_2,38,greedy_packing,0.5,190,106,94.00724143492789,0.5578947368421052,1,190,96,0.13426819443702698,0.13496326831954716,0.09810753405620952,0.11045372669034798,0.12335254191091916
iaml_super_41146,28,mes_gumbel,native,decay_greedy_packing_grid_a1_2,39,greedy_packing,0.5,190,93,94.00724143492789,0.48947368421052634,2,189,94,0.13426819443702698,0.10990908840428366,0.07969589242582725,0.08957088732120198,0.10564339588302386
iaml_super_41146,28,mes_gumbel,native,decay_greedy_packing_grid_a1_2,40,greedy_packing,0.5,190,95,94.00724143492789,0.5,2,190,85,0.13426819443702698,0.14134324413711008,0.11016519871051766,0.12384113634486663,0.13599393109584385
iaml_super_41146,28,mes_gumbel,native,decay_greedy_packing_grid_a1_2,41,greedy_packing,0.5,190,90,94.00724143492789,0.47368421052631576,1,190,92,0.13426819443702698,0.09469431754027974,0.07133456319747764,0.08088060890363005,0.08367117514808083
iaml_super_41146,28,mes_gumbel,native,decay_greedy_packing_grid_a1_2,42,greedy_packing,0.5,190,95,94.00724143492789,0.5,1,189,97,0.13426819443702698,0.1341790419571186,0.10318722489399199,0.11566681770881952,0.1699779454206037
iaml_super_41146,28,mes_gumbel,native,decay_greedy_packing_grid_a1_2,43,greedy_packing,0.5,190,106,94.00724143492789,0.5578947368421052,3,189,76,0.13426819443702698,0.1586606771161793,0.11464559633116123,0.12835806793402268,0.18368595277202907
iaml_super_41146,28,mes_gumbel,native,decay_greedy_packing_grid_a1_2,44,greedy_packing,0.5,190,98,94.00724143492789,0.5157894736842106,2,187,94,0.13426819443702698,0.12447566498644047,0.09489434333748123,0.10667132162285749,0.15167439281723066
iaml_super_41146,28,mes_gumbel,native,decay_greedy_packing_grid_a1_2,45,greedy_packing,0.5,190,97,94.00724143492789,0.5105263157894737,1,190,88,0.13932235538959503,0.12248765768319843,0.0936696169524987,0.10510969633158505,0.12291387582750048
iaml_super_41146,28,mes_gumbel,native,decay_greedy_packing_grid_a1_2,46,greedy_packing,0.5,190,89,94.00724143492789,0.46842105263157896,2,190,93,0.13426819443702698,0.1342739747166933,0.10368546811607275,0.11674823741023525,0.1202903644974623
iaml_super_41146,28,mes_gumbel,native,decay_greedy_packing_grid_a1_2,47,greedy_packing,0.5,190,86,94.00724143492789,0.45263157894736844,2,189,102,0.13426819443702698,0.14441791817315947,0.10862805297083396,0.1217613947048216,0.15931331347029212
iaml_super_41146,28,mes_gumbel,native,decay_greedy_packing_grid_a1_2,48,greedy_packing,0.5,190,90,94.00724143492789,0.47368421052631576,1,186,85,0.13426819443702698,0.1207743103431532,0.08889566759982351,0.10001408534233638,0.1211528497338966
iaml_super_41146,28,mes_gumbel,native,decay_greedy_packing_grid_a1_2,49,greedy_packing,0.5,190,100,94.00724143492789,0.5263157894736842,2,188,92,0.13426819443702698,0.14466359754578964,0.11188802229471506,0.1255260154845211,0.1957428644012078
iaml_super_41146,28,mes_gumbel,native,decay_uniform_grid_a1_2,35,uniform,0.5,190,101,94.00724143492789,0.531578947368421,2,189,108,0.13426819443702698,0.19481725993916785,0.1401015453246015,0.15814392498303034,0.23435434055161294
iaml_super_41146,28,mes_gumbel,native,decay_uniform_grid_a1_2,36,uniform,0.5,190,98,94.00724143492789,0.5157894736842106,1,190,88,0.15428321063518524,0.15999129185250668,0.1194267478545715,0.13599215945180737,0.10334080463382357
iaml_super_41146,28,mes_gumbel,native,decay_uniform_grid_a1_2,37,uniform,0.5,190,103,94.00724143492789,0.5421052631578948,1,189,89,0.13426819443702698,0.16839451986499168,0.12517636192770867,0.1415060211677305,0.1949522402550372
iaml_super_41146,28,mes_gumbel,native,decay_uniform_grid_a1_2,38,uniform,0.5,190,106,94.00724143492789,0.5578947368421052,1,190,96,0.13426819443702698,0.16461648339514992,0.12457797772907783,0.14221053036023573,0.11713732697844925
iaml_super_41146,28,mes_gumbel,native,decay_uniform_grid_a1_2,39,uniform,0.5,190,93,94.00724143492789,0.48947368421052634,2,189,94,0.13426819443702698,0.14084078065882835,0.10274191856975745,0.11849812396130363,0.19315426859965598
iaml_super_41146,28,mes_gumbel,native,decay_uniform_grid_a1_2,40,uniform,0.5,190,95,94.00724143492789,0.5,2,190,85,0.13426819443702698,0.17129218883334524,0.12445351869047215,0.14146195855112031,0.12211206964042548
iaml_super_41146,28,mes_gumbel,native,decay_uniform_grid_a1_2,41,uniform,0.5,190,90,94.00724143492789,0.47368421052631576,1,190,92,0.13426819443702698,0.17617210473574477,0.13031621806327146,0.1483490714619579,0.13558869372004342
iaml_super_41146,28,mes_gumbel,native,decay_uniform_grid_a1_2,42,uniform,0.5,190,95,94.00724143492789,0.5,1,189,97,0.13426819443702698,0.1436272372617239,0.10517504898724243,0.12015284816119357,0.17030494291940348
iaml_super_41146,28,mes_gumbel,native,decay_uniform_grid_a1_2,43,uniform,0.5,190,106,94.00724143492789,0.5578947368421052,3,189,76,0.13426819443702698,0.17881257317095497,0.12965882199656065,0.14797305636713076,0.19298213091794894
iaml_super_41146,28,mes_gumbel,native,decay_uniform_grid_a1_2,44,uniform,0.5,190,98,94.00724143492789,0.5157894736842106,2,187,94,0.13426819443702698,0.15749056111541143,0.1127223248631197,0.12833043755937848,0.19094653677794027
iaml_super_41146,28,mes_gumbel,native,decay_uniform_grid_a1_2,45,uniform,0.5,190,97,94.00724143492789,0.5105263157894737,1,190,88,0.13426819443702698,0.1539705259592569,0.11274183289544548,0.12836050798413845,0.1097957941592996
iaml_super_41146,28,mes_gumbel,native,decay_uniform_grid_a1_2,46,uniform,0.5,190,89,94.00724143492789,0.46842105263157896,2,190,93,0.13426819443702698,0.16131665149090402,0.1184682549808116,0.13383143777530682,0.09723263105680117
iaml_super_41146,28,mes_gumbel,native,decay_uniform_grid_a1_2,47,uniform,0.5,190,86,94.00724143492789,0.45263157894736844,2,189,102,0.15552711486816406,0.1604547721365294,0.11676735596261614,0.13384069868358633,0.17221961403427966
iaml_super_41146,28,mes_gumbel,native,decay_uniform_grid_a1_2,48,uniform,0.5,190,90,94.00724143492789,0.47368421052631576,1,186,85,0.13426819443702698,0.1520106362545469,0.11192756729948691,0.1272108377118971,0.17855163291852535
iaml_super_41146,28,mes_gumbel,native,decay_uniform_grid_a1_2,49,uniform,0.5,190,100,94.00724143492789,0.5263157894736842,2,188,92,0.13426819443702698,0.1705895376436144,0.12554668575343447,0.1422860318097565,0.18206026884847062
iaml_super_41146,28,mes_gumbel,native,standard,35,none,nan,190,0,0.0,0.0,,,0,0.13426819443702698,0.06716654749711948,0.05012720413939292,0.05799495173162437,0.03301111812038686
iaml_super_41146,28,mes_gumbel,native,standard,36,none,nan,190,0,0.0,0.0,,,0,0.13426819443702698,0.0834943421592367,0.05913640241798588,0.06738180394822434,0.050371404459476576
iaml_super_41146,28,mes_gumbel,native,standard,37,none,nan,190,0,0.0,0.0,,,0,0.1538647562265396,0.0673126447012394,0.04548284060362577,0.05231836497330855,0.04084821163589643
iaml_super_41146,28,mes_gumbel,native,standard,38,none,nan,190,0,0.0,0.0,,,0,0.13426819443702698,0.0702788405505799,0.050752941875114435,0.05831299661631668,0.03529325923022554
iaml_super_41146,28,mes_gumbel,native,standard,39,none,nan,190,0,0.0,0.0,,,0,0.13426819443702698,0.13164358777447988,0.09787968045364003,0.11216725004598653,0.10179793539547029
iaml_super_41146,28,mes_gumbel,native,standard,40,none,nan,190,0,0.0,0.0,,,0,0.13426819443702698,0.10719394231045137,0.07664462531151806,0.08701225674170715,0.06869792957267179
iaml_super_41146,28,mes_gumbel,native,standard,41,none,nan,190,0,0.0,0.0,,,0,0.16824913024902344,0.05752131919662466,0.04203208065592854,0.04814256574903687,0.033542069497214236
iaml_super_41146,28,mes_gumbel,native,standard,42,none,nan,190,0,0.0,0.0,,,0,0.13426819443702698,0.07534819388303592,0.05547438421563258,0.06399080471891974,0.04721446498439216
iaml_super_41146,28,mes_gumbel,native,standard,43,none,nan,190,0,0.0,0.0,,,0,0.13426819443702698,0.06282567555476552,0.04605319129223368,0.053140256728148594,0.02640898128789187
iaml_super_41146,28,mes_gumbel,native,standard,44,none,nan,190,0,0.0,0.0,,,0,0.13426819443702698,0.10047471222433008,0.07403835347085075,0.08515566462716143,0.058458412207963856
iaml_super_41146,28,mes_gumbel,native,standard,45,none,nan,190,0,0.0,0.0,,,0,0.13426819443702698,0.10750974023868597,0.08247859952417355,0.0942945169757254,0.05161686700113464
iaml_super_41146,28,mes_gumbel,native,standard,46,none,nan,190,0,0.0,0.0,,,0,0.13426819443702698,0.07823437193302094,0.06022323085414322,0.06851027814520343,0.061354909849083955
iaml_super_41146,28,mes_gumbel,native,standard,47,none,nan,190,0,0.0,0.0,,,0,0.13426819443702698,0.06006866762693116,0.0442733197113922,0.050892715838177026,0.03872955293877631
iaml_super_41146,28,mes_gumbel,native,standard,48,none,nan,190,0,0.0,0.0,,,0,0.15428321063518524,0.06117057695235046,0.04327563522312135,0.050126555774744175,0.027318557268473095
iaml_super_41146,28,mes_gumbel,native,standard,49,none,nan,190,0,0.0,0.0,,,0,0.13426819443702698,0.07667473364955518,0.057302481781617676,0.0658511213461993,0.053771894445727206
iaml_super_41146,28,ts,logarithmic,decay_greedy_packing_grid_a1_2,35,greedy_packing,0.5,190,101,94.00724143492789,0.531578947368421,2,189,108,0.13426819443702698,0.14782040969204466,0.10730370296345962,0.1209719675041038,0.10640811994625152
iaml_super_41146,28,ts,logarithmic,decay_greedy_packing_grid_a1_2,36,greedy_packing,0.5,190,98,94.00724143492789,0.5157894736842106,1,190,88,0.13426819443702698,0.17131011173692556,0.12631414774428387,0.1428436003182179,0.15966362935661235
iaml_super_41146,28,ts,logarithmic,decay_greedy_packing_grid_a1_2,37,greedy_packing,0.5,190,103,94.00724143492789,0.5421052631578948,1,189,89,0.13426819443702698,0.14677594760986906,0.11413290628265792,0.12859198054670115,0.126798823233067
iaml_super_41146,28,ts,logarithmic,decay_greedy_packing_grid_a1_2,38,greedy_packing,0.5,190,106,94.00724143492789,0.5578947368421052,1,190,96,0.13426819443702698,0.1544475298798041,0.11332767790349375,0.12769887291717397,0.14123866639336713
iaml_super_41146,28,ts,logarithmic,decay_greedy_packing_grid_a1_2,39,greedy_packing,0.5,190,93,94.00724143492789,0.48947368421052634,2,189,94,0.1342768520116806,0.1463610919426361,0.10812840864366026,0.12298560833777245,0.11528696346461285
iaml_super_41146,28,ts,logarithmic,decay_greedy_packing_grid_a1_2,40,greedy_packing,0.5,190,95,94.00724143492789,0.5,2,190,85,0.13426819443702698,0.16469975128589454,0.1222146862675681,0.1379112184049332,0.14998813518506046
iaml_super_41146,28,ts,logarithmic,decay_greedy_packing_grid_a1_2,41,greedy_packing,0.5,190,90,94.00724143492789,0.47368421052631576,1,190,92,0.13434922695159912,0.13096345302097498,0.09476990419585074,0.10730279200007527,0.12200680110954679
iaml_super_41146,28,ts,logarithmic,decay_greedy_packing_grid_a1_2,42,greedy_packing,0.5,190,95,94.00724143492789,0.5,1,189,97,0.13426819443702698,0.16543127149357512,0.12751765555839206,0.1441059168112931,0.16312162043241465
iaml_super_41146,28,ts,logarithmic,decay_greedy_packing_grid_a1_2,43,greedy_packing,0.5,190,106,94.00724143492789,0.5578947368421052,3,189,76,0.13426819443702698,0.1375820895853036,0.10106503336740598,0.11446027416239686,0.12355309156661494
iaml_super_41146,28,ts,logarithmic,decay_greedy_packing_grid_a1_2,44,greedy_packing,0.5,190,98,94.00724143492789,0.5157894736842106,2,187,94,0.13426819443702698,0.1609526390255335,0.12024851957298788,0.13578044228772376,0.13217704997274857
iaml_super_41146,28,ts,logarithmic,decay_greedy_packing_grid_a1_2,45,greedy_packing,0.5,190,97,94.00724143492789,0.5105263157894737,1,190,88,0.13426819443702698,0.15543429587672297,0.1156447694459358,0.13052309413091165,0.15214436222985145
iaml_super_41146,28,ts,logarithmic,decay_greedy_packing_grid_a1_2,46,greedy_packing,0.5,190,89,94.00724143492789,0.46842105263157896,2,190,93,0.13426819443702698,0.14958646852634885,0.1113809181795826,0.1259100977333915,0.13637898151014385
iaml_super_41146,28,ts,logarithmic,decay_greedy_packing_grid_a1_2,47,greedy_packing,0.5,190,86,94.00724143492789,0.45263157894736844,2,189,102,0.13426819443702698,0.15601607311717428,0.11453649858413747,0.12965722574900543,0.10597143030889014
iaml_super_41146,28,ts,logarithmic,decay_greedy_packing_grid_a1_2,48,greedy_packing,0.5,190,90,94.00724143492789,0.47368421052631576,1,186,85,0.13426819443702698,0.13243070123748293,0.09643012079076282,0.10841148887957049,0.11186067457971609
iaml_super_41146,28,ts,logarithmic,decay_greedy_packing_grid_a1_2,49,greedy_packing,0.5,190,100,94.00724143492789,0.5263157894736842,2,188,92,0.13426819443702698,0.14294583254264523,0.10701864852934054,0.12034594317483412,0.1025764817274553
iaml_super_41146,28,ts,logarithmic,decay_uniform_grid_a1_2,35,uniform,0.5,190,101,94.00724143492789,0.531578947368421,2,189,108,0.13426819443702698,0.18628510870705614,0.13332026260204421,0.15093850445613297,0.16213591906148897
iaml_super_41146,28,ts,logarithmic,decay_uniform_grid_a1_2,36,uniform,0.5,190,98,94.00724143492789,0.5157894736842106,1,190,88,0.16278238594532013,0.15216097379216442,0.11204079916859377,0.12799689298527606,0.1010860153524412
iaml_super_41146,28,ts,logarithmic,decay_uniform_grid_a1_2,37,uniform,0.5,190,103,94.00724143492789,0.5421052631578948,1,189,89,0.13426819443702698,0.1637637710849412,0.12127806650267098,0.1383697573313143,0.1441981928060522
iaml_super_41146,28,ts,logarithmic,decay_uniform_grid_a1_2,38,uniform,0.5,190,106,94.00724143492789,0.5578947368421052,1,190,96,0.16693469882011414,0.15712640914905088,0.11510648628889664,0.13190629930069606,0.10407974125199485
iaml_super_41146,28,ts,logarithmic,decay_uniform_grid_a1_2,39,uniform,0.5,190,93,94.00724143492789,0.48947368421052634,2,189,94,0.13426819443702698,0.15020115512955373,0.10574866533802582,0.12268234444821284,0.11357795861977771
iaml_super_41146,28,ts,logarithmic,decay_uniform_grid_a1_2,40,uniform,0.5,190,95,94.00724143492789,0.5,2,190,85,0.13426819443702698,0.17178820192110353,0.1292646739823008,0.14808087557168848,0.12531634809562855
iaml_super_41146,28,ts,logarithmic,decay_uniform_grid_a1_2,41,uniform,0.5,190,90,94.00724143492789,0.47368421052631576,1,190,92,0.13426819443702698,0.18061860571294266,0.13045364566355142,0.1487665079807525,0.14201998043204658
iaml_super_41146,28,ts,logarithmic,decay_uniform_grid_a1_2,42,uniform,0.5,190,95,94.00724143492789,0.5,1,189,97,0.13499715924263,0.18009564884778387,0.13337324759404207,0.15244623078332925,0.17073265583019567
iaml_super_41146,28,ts,logarithmic,decay_uniform_grid_a1_2,43,uniform,0.5,190,106,94.00724143492789,0.5578947368421052,3,189,76,0.13426819443702698,0.17900525524937386,0.1309246844880958,0.15025606366168914,0.163213971301541
iaml_super_41146,28,ts,logarithmic,decay_uniform_grid_a1_2,44,uniform,0.5,190,98,94.00724143492789,0.5157894736842106,2,187,94,0.13426819443702698,0.16308670868974218,0.12051880890765965,0.13780473943189547,0.12923341364052154
iaml_super_41146,28,ts,logarithmic,decay_uniform_grid_a1_2,45,uniform,0.5,190,97,94.00724143492789,0.5105263157894737,1,190,88,0.1692570447921753,0.15411551192826092,0.11141167515293347,0.12735681716078506,0.11157551914039102
iaml_super_41146,28,ts,logarithmic,decay_uniform_grid_a1_2,46,uniform,0.5,190,89,94.00724143492789,0.46842105263157896,2,190,93,0.13426974415779114,0.1720545155132674,0.12546241514640072,0.14301183330077136,0.10812805485113094
iaml_super_41146,28,ts,logarithmic,decay_uniform_grid_a1_2,47,uniform,0.5,190,86,94.00724143492789,0.45263157894736844,2,189,102,0.16539792716503143,0.16634388064314037,0.12249686509622079,0.14044137579600796,0.12731972954521212
iaml_super_41146,28,ts,logarithmic,decay_uniform_grid_a1_2,48,uniform,0.5,190,90,94.00724143492789,0.47368421052631576,1,186,85,0.134269118309021,0.17633634001328163,0.12265208164662876,0.13970068735500377,0.12383552909808371
iaml_super_41146,28,ts,logarithmic,decay_uniform_grid_a1_2,49,uniform,0.5,190,100,94.00724143492789,0.5263157894736842,2,188,92,0.1386738121509552,0.16189566220854157,0.1176728674116172,0.1347393589213905,0.12208549167683966
iaml_super_41146,28,ts,logarithmic,standard,35,none,nan,190,0,0.0,0.0,,,0,0.13426819443702698,0.13897461835281638,0.10261809741014273,0.11644694634648774,0.12715803854138807
iaml_super_41146,28,ts,logarithmic,standard,36,none,nan,190,0,0.0,0.0,,,0,0.13426819443702698,0.13744747787847902,0.09807938444186282,0.11260298816158237,0.11368305736808412
iaml_super_41146,28,ts,logarithmic,standard,37,none,nan,190,0,0.0,0.0,,,0,0.13426819443702698,0.13788936070179877,0.10292028063788053,0.11793434111242782,0.09900724867984044
iaml_super_41146,28,ts,logarithmic,standard,38,none,nan,190,0,0.0,0.0,,,0,0.17131373286247253,0.11625466954513812,0.08629695161899603,0.10015118541233033,0.09289322684187395
iaml_super_41146,28,ts,logarithmic,standard,39,none,nan,190,0,0.0,0.0,,,0,0.14320282638072968,0.11259824240293455,0.07824375889157985,0.09072190604164589,0.08628772924503246
iaml_super_41146,28,ts,logarithmic,standard,40,none,nan,190,0,0.0,0.0,,,0,0.14722000062465668,0.1364873894861661,0.10109871914248703,0.1159590520634174,0.09517676469707213
iaml_super_41146,28,ts,logarithmic,standard,41,none,nan,190,0,0.0,0.0,,,0,0.14731495082378387,0.12527628540996358,0.08971425053956485,0.10400625246341655,0.07967752630173737
iaml_super_41146,28,ts,logarithmic,standard,42,none,nan,190,0,0.0,0.0,,,0,0.1811096966266632,0.14302987249551344,0.10428166133578365,0.11981094010269196,0.09528413280316084
iaml_super_41146,28,ts,logarithmic,standard,43,none,nan,190,0,0.0,0.0,,,0,0.13426882028579712,0.1331842402446754,0.094555289006644,0.10890650135408081,0.08003237322508282
iaml_super_41146,28,ts,logarithmic,standard,44,none,nan,190,0,0.0,0.0,,,0,0.13426819443702698,0.15214516345093554,0.11041895935841628,0.12653062400627665,0.10618732222627296
iaml_super_41146,28,ts,logarithmic,standard,45,none,nan,190,0,0.0,0.0,,,0,0.16422267258167267,0.08979821877904597,0.06525937420987742,0.07666050100352069,0.06956434718673518
iaml_super_41146,28,ts,logarithmic,standard,46,none,nan,190,0,0.0,0.0,,,0,0.13433407247066498,0.1390973366117498,0.10231839614941035,0.11697313228026007,0.0988005813654325
iaml_super_41146,28,ts,logarithmic,standard,47,none,nan,190,0,0.0,0.0,,,0,0.1482885479927063,0.13144701566244427,0.09602036109954308,0.11046845574288748,0.10152293209394805
iaml_super_41146,28,ts,logarithmic,standard,48,none,nan,190,0,0.0,0.0,,,0,0.13426943123340607,0.14333071298324865,0.09828063551974453,0.11257152460543626,0.11995051210712772
iaml_super_41146,28,ts,logarithmic,standard,49,none,nan,190,0,0.0,0.0,,,0,0.14532753825187683,0.15188122569183832,0.11005805010103764,0.12517367072262509,0.11346901031176984
iaml_super_41146,28,ucb,constant,decay_greedy_packing_grid_a1_2,35,greedy_packing,0.5,190,101,94.00724143492789,0.531578947368421,2,189,108,0.13426819443702698,0.1465455158457362,0.11061876624631445,0.12403418540747457,0.17834482476163965
iaml_super_41146,28,ucb,constant,decay_greedy_packing_grid_a1_2,36,greedy_packing,0.5,190,98,94.00724143492789,0.5157894736842106,1,190,88,0.13426819443702698,0.1646097162268508,0.12042751576648558,0.13400877917341772,0.15105963562090569
iaml_super_41146,28,ucb,constant,decay_greedy_packing_grid_a1_2,37,greedy_packing,0.5,190,103,94.00724143492789,0.5421052631578948,1,189,89,0.13426819443702698,0.13907238827552124,0.10584681173357596,0.11925676118792201,0.18028650886851877
iaml_super_41146,28,ucb,constant,decay_greedy_packing_grid_a1_2,38,greedy_packing,0.5,190,106,94.00724143492789,0.5578947368421052,1,190,96,0.13426819443702698,0.13916707962519884,0.10128819437186432,0.11390008777760484,0.12140475118038016
iaml_super_41146,28,ucb,constant,decay_greedy_packing_grid_a1_2,39,greedy_packing,0.5,190,93,94.00724143492789,0.48947368421052634,2,189,94,0.1342768520116806,0.11450274225492005,0.0835899568971434,0.09397724361009309,0.115978355498673
iaml_super_41146,28,ucb,constant,decay_greedy_packing_grid_a1_2,40,greedy_packing,0.5,190,95,94.00724143492789,0.5,2,190,85,0.13426819443702698,0.13125012363559327,0.10291292681049777,0.11565213989587333,0.12760778929677516
iaml_super_41146,28,ucb,constant,decay_greedy_packing_grid_a1_2,41,greedy_packing,0.5,190,90,94.00724143492789,0.47368421052631576,1,190,92,0.13426819443702698,0.09342752011094188,0.07049028209779788,0.07926225281717252,0.08781620606272783
iaml_super_41146,28,ucb,constant,decay_greedy_packing_grid_a1_2,42,greedy_packing,0.5,190,95,94.00724143492789,0.5,1,189,97,0.1354149878025055,0.13066705792972935,0.09882856696895018,0.11080210823559658,0.16301276981701962
iaml_super_41146,28,ucb,constant,decay_greedy_packing_grid_a1_2,43,greedy_packing,0.5,190,106,94.00724143492789,0.5578947368421052,3,189,76,0.13426819443702698,0.14462791547678933,0.10566471157348976,0.118711280154524,0.16971725568556642
iaml_super_41146,28,ucb,constant,decay_greedy_packing_grid_a1_2,44,greedy_packing,0.5,190,98,94.00724143492789,0.5157894736842106,2,187,94,0.13426819443702698,0.12247750208735257,0.09504109772913746,0.1068365548745645,0.167745393058514
iaml_super_41146,28,ucb,constant,decay_greedy_packing_grid_a1_2,45,greedy_packing,0.5,190,97,94.00724143492789,0.5105263157894737,1,190,88,0.13426819443702698,0.1262639275510013,0.09519764631400784,0.10696550487769585,0.1244165100971793
iaml_super_41146,28,ucb,constant,decay_greedy_packing_grid_a1_2,46,greedy_packing,0.5,190,89,94.00724143492789,0.46842105263157896,2,190,93,0.13426819443702698,0.12604040098584612,0.0980754911120644,0.11022760984819621,0.10968258480720311
iaml_super_41146,28,ucb,constant,decay_greedy_packing_grid_a1_2,47,greedy_packing,0.5,190,86,94.00724143492789,0.45263157894736844,2,189,102,0.13426819443702698,0.1438003485865194,0.10805297113381174,0.12087831784204342,0.16034488601088032
iaml_super_41146,28,ucb,constant,decay_greedy_packing_grid_a1_2,48,greedy_packing,0.5,190,90,94.00724143492789,0.47368421052631576,1,186,85,0.13426819443702698,0.12161658989345778,0.09057385782663138,0.10192232790855119,0.12684011510736254
iaml_super_41146,28,ucb,constant,decay_greedy_packing_grid_a1_2,49,greedy_packing,0.5,190,100,94.00724143492789,0.5263157894736842,2,188,92,0.13426819443702698,0.14859272824078779,0.11092529790781858,0.12459462198382787,0.1831939620243792
iaml_super_41146,28,ucb,constant,decay_uniform_grid_a1_2,35,uniform,0.5,190,101,94.00724143492789,0.531578947368421,2,189,108,0.13426819443702698,0.18507516856665335,0.13406938345103203,0.15148811891232508,0.2284756958238796
iaml_super_41146,28,ucb,constant,decay_uniform_grid_a1_2,36,uniform,0.5,190,98,94.00724143492789,0.5157894736842106,1,190,88,0.15428321063518524,0.1622515708522235,0.12155842788407924,0.13812975813716613,0.10850231854348463
iaml_super_41146,28,ucb,constant,decay_uniform_grid_a1_2,37,uniform,0.5,190,103,94.00724143492789,0.5421052631578948,1,189,89,0.13426819443702698,0.1663230884045351,0.12595354877309112,0.14251036873421874,0.18584105046168162
iaml_super_41146,28,ucb,constant,decay_uniform_grid_a1_2,38,uniform,0.5,190,106,94.00724143492789,0.5578947368421052,1,190,96,0.13426819443702698,0.17594300194601403,0.13041348840542222,0.14918540084258808,0.12263335951937507
iaml_super_41146,28,ucb,constant,decay_uniform_grid_a1_2,39,uniform,0.5,190,93,94.00724143492789,0.48947368421052634,2,189,94,0.13426819443702698,0.13735448847913087,0.100515391375995,0.11496786052699022,0.13786384273433655
iaml_super_41146,28,ucb,constant,decay_uniform_grid_a1_2,40,uniform,0.5,190,95,94.00724143492789,0.5,2,190,85,0.13426819443702698,0.16718468949785584,0.12333470707824273,0.14019528750443538,0.12115879609142013
iaml_super_41146,28,ucb,constant,decay_uniform_grid_a1_2,41,uniform,0.5,190,90,94.00724143492789,0.47368421052631576,1,190,92,0.13426819443702698,0.16758842782372563,0.12441187520785171,0.14157860371386588,0.13228279828024148
iaml_super_41146,28,ucb,constant,decay_uniform_grid_a1_2,42,uniform,0.5,190,95,94.00724143492789,0.5,1,189,97,0.13426819443702698,0.14802535141059026,0.10880456330901986,0.12344079434428948,0.18998403133850805
iaml_super_41146,28,ucb,constant,decay_uniform_grid_a1_2,43,uniform,0.5,190,106,94.00724143492789,0.5578947368421052,3,189,76,0.13426819443702698,0.19003706353531005,0.13894704103257674,0.15834459525122926,0.24031166246527985
iaml_super_41146,28,ucb,constant,decay_uniform_grid_a1_2,44,uniform,0.5,190,98,94.00724143492789,0.5157894736842106,2,187,94,0.13426819443702698,0.1547081612744127,0.1115842739118759,0.12698377305237568,0.1872203828906947
iaml_super_41146,28,ucb,constant,decay_uniform_grid_a1_2,45,uniform,0.5,190,97,94.00724143492789,0.5105263157894737,1,190,88,0.13426819443702698,0.14498230194114023,0.10436130108665279,0.11896895779416887,0.10072661706722329
iaml_super_41146,28,ucb,constant,decay_uniform_grid_a1_2,46,uniform,0.5,190,89,94.00724143492789,0.46842105263157896,2,190,93,0.13426819443702698,0.1676881263110392,0.12472176695508244,0.14128032578842478,0.1032891525471913
iaml_super_41146,28,ucb,constant,decay_uniform_grid_a1_2,47,uniform,0.5,190,86,94.00724143492789,0.45263157894736844,2,189,102,0.15552711486816406,0.15445777878882017,0.11269490513079967,0.12879357896605725,0.1796256452055854
iaml_super_41146,28,ucb,constant,decay_uniform_grid_a1_2,48,uniform,0.5,190,90,94.00724143492789,0.47368421052631576,1,186,85,0.13426819443702698,0.15570384024851464,0.1136870953484587,0.1289805671362838,0.18162099867204506
iaml_super_41146,28,ucb,constant,decay_uniform_grid_a1_2,49,uniform,0.5,190,100,94.00724143492789,0.5263157894736842,2,188,92,0.13426819443702698,0.1591733524923776,0.11822246460880503,0.13385954957553597,0.18434270463277103
iaml_super_41146,28,ucb,constant,standard,35,none,nan,190,0,0.0,0.0,,,0,0.13426819443702698,0.05916283914100408,0.044463566810317476,0.050896085209958405,0.04418547975063583
iaml_super_41146,28,ucb,constant,standard,36,none,nan,190,0,0.0,0.0,,,0,0.13426819443702698,0.07321985532480775,0.051767941335182435,0.059347509084682115,0.05857171579116642
iaml_super_41146,28,ucb,constant,standard,37,none,nan,190,0,0.0,0.0,,,0,0.1538647562265396,0.06018637846198561,0.04280309641635326,0.04945246308639341,0.03967901612456512
iaml_super_41146,28,ucb,constant,standard,38,none,nan,190,0,0.0,0.0,,,0,0.13426819443702698,0.059420814205307725,0.04386692948675709,0.050355338695451946,0.044428239854026635
iaml_super_41146,28,ucb,constant,standard,39,none,nan,190,0,0.0,0.0,,,0,0.13426819443702698,0.05852682738071204,0.044533770974988056,0.051487403148352096,0.0540631020408177
iaml_super_41146,28,ucb,constant,standard,40,none,nan,190,0,0.0,0.0,,,0,0.13426819443702698,0.08077003392379788,0.060983046737858246,0.06945376597548089,0.07822656231704825
iaml_super_41146,28,ucb,constant,standard,41,none,nan,190,0,0.0,0.0,,,0,0.15428321063518524,0.056236820198746734,0.04164516060831642,0.047931205006215706,0.04794640185138061
iaml_super_41146,28,ucb,constant,standard,42,none,nan,190,0,0.0,0.0,,,0,0.13426819443702698,0.0629224617070372,0.044422119777793104,0.051211025494636915,0.04884799944945333
iaml_super_41146,28,ucb,constant,standard,43,none,nan,190,0,0.0,0.0,,,0,0.13426819443702698,0.09560478942410834,0.06991212581228537,0.07995208159452552,0.07813469697132104
iaml_super_41146,28,ucb,constant,standard,44,none,nan,190,0,0.0,0.0,,,0,0.13426819443702698,0.08203974131987499,0.057378964924782484,0.06596138457324438,0.06211628398651144
iaml_super_41146,28,ucb,constant,standard,45,none,nan,190,0,0.0,0.0,,,0,0.13426819443702698,0.13141610526535477,0.09790244549725119,0.11177632850236324,0.09230984299161483
iaml_super_41146,28,ucb,constant,standard,46,none,nan,190,0,0.0,0.0,,,0,0.13426819443702698,0.06042181295905951,0.043798043600889056,0.050277223116358495,0.05112918667104056
iaml_super_41146,28,ucb,constant,standard,47,none,nan,190,0,0.0,0.0,,,0,0.15428321063518524,0.06210863397062521,0.043837996303335125,0.0501144092441548,0.04389523693344159
iaml_super_41146,28,ucb,constant,standard,48,none,nan,190,0,0.0,0.0,,,0,0.13426819443702698,0.0614007184635498,0.043712230931215,0.050455674078132076,0.0430948025796553
iaml_super_41146,28,ucb,constant,standard,49,none,nan,190,0,0.0,0.0,,,0,0.15428321063518524,0.0624087685331873,0.046986099363952025,0.05391533604746097,0.05758011935832318
